MedInc,HouseAge,AveRooms,AveBedrms,Population,AveOccup,Latitude,Longitude,Price
6.037732284167628,21.762430945407008,7.593948905218653,1.609684970393543,1897.072001569174,3.9290871516509647,37.60489861765534,-115.05892401602053,2.783666077351424
4.124898524229592,4.36650205115232,6.306925755403603,1.0542585003303453,287.2953077070744,4.605259920517733,36.957826985770126,-114.35419814198347,2.4403054090306053
6.610194792939146,18.789847232443446,12.44669966775822,2.0933741970077517,521.9718345203067,4.373605768271649,37.3575831647807,-119.2129831810965,3.5156501511150458
11.1765508997417,6.660903038357056,2.740724525317449,1.0,976.5275155813883,2.9283785292757223,38.545307190037036,-122.9598970227186,4.923098638619011
3.894276749466996,42.21999571047033,8.19638575822788,2.3593777061214682,7316.49957656653,1.8191892576820203,38.77002474345869,-116.14705333277327,1.8073169442118486
3.8943151108696408,49.33208932418801,7.834807828237096,1.374386084907643,978.6631048353347,2.0146096398343425,35.245099281836815,-117.02858649507601,2.5320095459765524
11.55973211235997,4.688140238154869,3.3556599745008953,1.0,3246.1412546690767,3.3503117651403387,33.837061952215954,-120.45329173389689,5.0
7.102599455196514,49.71087557187677,7.410169655976351,1.989605349014779,1139.739684956729,3.4448839995157168,33.98802472130993,-115.12592526031037,3.80415578855106
3.381486373955921,27.651406566174003,5.665855993653131,1.7967241897309334,676.1002491197727,1.9358146596625418,38.574213416078514,-114.24168110217293,1.9240304989379196
6.206120770713275,16.27784957564757,4.522249269290516,1.0,856.8608835882003,3.05820408809377,40.7922962147877,-118.42146150869804,2.807868510242974
3.393797104261524,4.919965839084339,3.562369114787938,1.0,926.6540362439558,3.867041493765078,36.39021464428274,-118.34272088655707,1.2799319858805305
3.3890923692431723,26.53183767159131,3.7149165666828985,1.2183061378499724,2005.4940913055939,1.8955505745535752,34.11044152312989,-121.02486494886222,1.4863196362544002
5.181928907591724,41.52029276902818,11.245014088904092,1.7073654615255285,4335.582569340369,4.673923555509377,39.68772373379162,-118.15493964016686,2.54480198230189
1.4219538167840924,37.061410340601604,4.954385418931329,1.0,1571.334987725632,2.5830930580285587,40.40865000698476,-119.60357679475153,0.15720690896591427
1.5920926779049291,3.561526584662662,6.772376102549541,2.314830897607747,3594.203467124537,4.968138611118275,40.865533209649186,-120.97808973071947,0.952091137055695
3.1983257905971487,4.7179936037630785,3.6097562429373053,1.0,417.8866662425039,2.426910433084687,38.264898574680466,-123.32814803476099,1.3446920757313434
2.4407401361576513,21.546537414264492,3.625741508696051,1.0,724.4186645344558,1.9924196543844328,40.67692131418681,-121.47292140290875,1.3854789309755178
5.41161949159062,16.059815196445108,7.635389280622982,1.2476090089028988,531.4969534562223,2.501136438693223,32.64644210525987,-122.02145350322336,2.6953537601076323
2.5991528231664476,12.85160047585844,2.8868603150142045,1.0,1501.8374301418182,2.8919781552811283,33.51874011681048,-118.57958015446052,1.2132104172528884
1.920561861059882,15.331229444344393,4.195088737432563,1.0,765.892342497349,2.571805129298722,33.37947263699494,-117.98329978236406,0.9883248417672351
10.79830590688781,41.977619908141115,5.020908856503775,1.638308320166856,2275.08555446046,2.7555014246754364,39.26974450041996,-117.91428275693984,4.8655149578885855
3.913899610061105,48.39063073522455,5.178674009271136,1.207577347712969,432.2474773117092,3.4335202947639063,33.161026943664,-120.11818998954321,2.365151955363436
4.667002127429453,21.660237420905887,4.610621603524904,1.3558301592520572,1144.8523701643146,2.805349842079013,37.21546153842992,-119.78770266314504,2.341053280269805
1.9062750233142018,47.21166110875735,5.8027266110352045,1.9361203939182177,2179.5155602335803,2.925762242377265,36.99071553704475,-115.65761570359359,1.2903976699755142
3.2328702511326273,17.39628076364198,6.53480366051439,1.513513409501172,139.03104102966418,1.5163550176603737,35.451683473803286,-119.23767186482837,1.5442279281735352
4.790110853393531,25.298286303533374,6.644935716704027,1.2509455244263337,9151.117732168395,3.513733707360846,40.76884911444995,-114.12226667862878,1.8485900527061805
2.2465683036659994,12.527478888615986,3.3390237589772735,1.0,826.2092866702856,2.8988632602470434,34.11911541785996,-119.60382769991135,1.135437518925821
5.614872107573956,33.664278150968045,4.4208764170242505,1.4660366139151053,144.74304780574587,5.720848835480682,35.84839645179278,-117.50419055382162,2.7994826867379974
3.1255703734844134,50.928036873915254,7.987718261795881,2.483180978695197,1284.4602864774204,2.063026198222535,39.854629250217826,-123.49637001006604,1.4757543344638655
3.7621242204512466,31.77814789821231,7.084142780230758,1.1558910189515752,1133.9285417508459,1.4574405780001691,32.7890119867362,-117.4666007558119,1.3072895537430447
3.1235682951710406,19.248518289790994,2.8600989421982472,1.0,1010.4040915131787,3.846745236251861,38.8930288023405,-115.48573605584994,1.0851366544005248
13.617652250352142,34.03868974551695,5.70071702130657,1.507152741340948,2954.814381850552,3.4508162847256605,40.25577840043492,-114.57542161466704,5.0
4.445541417041245,7.268954601734766,2.2450098310019273,1.0,2315.6483021187114,2.0069713442050694,41.35654446896259,-114.0267938836023,1.5077590579646314
2.3758931801167904,46.32161309353533,5.046898826157112,1.0,1477.159389442954,1.6292184446136184,40.824818084669104,-121.17821354350767,1.0151407019814649
7.341380817889543,26.657281489771655,10.581495908981468,2.7174045757719076,1720.1308352952103,5.556445983470997,35.53414910992001,-118.24629935174283,4.177681849254336
2.1543602463053775,23.916836844021745,3.3900440421492486,1.1047900592088915,987.9593474166528,5.289079146028439,38.07045934256805,-119.49282014467853,0.7662858048305698
5.080035028816079,30.87910421112948,3.5475980959440157,1.0,6473.620730226397,1.1107298219474147,33.234288184929426,-118.3618251942483,1.958479317677727
1.3829209956011614,32.863977002259524,6.723520576276936,1.6566686358491085,249.8358198788353,2.501050361648246,34.94976503370608,-122.42547042810153,0.6817408564004024
2.0199815357650017,4.660566117552165,2.672139317013776,1.0,1260.9890775817853,5.845527400546316,33.39511259810132,-115.43850427404058,1.1910314712587706
5.043582996562879,35.813478282393525,3.845478290410291,1.0,1170.3107972470402,2.4832668632505794,35.494279256462654,-114.90431056655413,3.0654620722403654
6.980216601296981,13.338515696092008,6.287581232552774,1.351209568313568,2473.2303423439857,2.468856545456606,40.81427852785792,-119.50338336887077,3.35354157291437
4.967024500228839,37.41158425783608,3.84312432053034,1.302913261809684,471.6070523175747,2.6828945534774555,35.79808497690578,-121.19570138426423,2.688072135400339
4.181253285095075,42.949274513594034,4.506911039039785,1.0,191.77587981932854,1.9186872159571196,37.83803197851355,-122.59166572346987,2.0065002700317454
3.7409432392866506,42.001883885178536,6.670363019282299,1.615386806589563,1282.8289252586553,1.5190569312047746,36.617118057091936,-117.16235175222195,2.6638882400294017
1.8457520429185859,29.177549337802347,5.862747986897396,1.666549929603969,1452.7745535178813,4.576886320734453,36.859706980837984,-120.87768160379265,1.1975460930201245
2.90982655106851,27.52866450784831,5.51089674476095,1.0053896755255272,4863.917243643226,1.4373846363585043,41.71093449244731,-114.90461430086611,1.3965069699242207
3.399460482537118,8.286674028309998,4.324735957762961,1.0694573702749472,307.85778941704694,3.3164952602606728,35.31346744850665,-117.2898752515513,1.6246760366362856
8.450903305639434,40.542653670559915,5.743245370468197,1.7098089894462365,3479.6735702505193,4.282906196773486,38.45958246047013,-117.5431467482576,3.9768573442371458
5.507831418533584,14.841878402782433,4.713859164029046,1.5243255525671537,11700.821874788142,1.6812027845582513,36.49059536100475,-118.40597884101759,3.088158790259343
1.556089443047319,26.331466563715274,5.948399810471622,1.637308081712358,751.6231834131045,2.0756879459702495,33.080888719953016,-123.54223660571274,0.8703638060716019
5.443653211084538,15.497978739303353,4.0601795223059005,1.1523224047892149,301.5867734329211,4.8806171418185755,37.14864290043024,-114.68077564314413,3.059249114157096
3.5571178766074367,7.82524651298435,4.604216021932642,1.0,729.9862027538485,3.717891431492208,40.22676162592853,-117.7206250670054,1.6582694484786857
2.985737544223495,33.10744254147856,3.3334802654157882,1.1305674976253217,1112.0995201807605,2.346877490688322,33.43815320247604,-114.05938016616889,1.0441321026270394
6.468898025057603,3.7709337759680954,4.8841582429378505,1.0,1927.1314385862784,4.859325301117364,33.161122550264935,-118.62643595227112,2.608917776008447
8.319479672359414,39.1809069404362,3.580848038233072,1.0919244192108997,607.0464245904228,4.867664675750014,33.959499443736036,-116.89889108093787,3.8097620759936297
7.836310087527117,17.19692655831695,3.172060637047343,1.0,5193.683912774952,3.3455164530942,39.76180105819841,-123.43790442133778,3.2906403807415145
2.708701817719822,1.0068693432287512,5.492944547245628,1.8495767556947826,359.77098814821,2.095801187882655,39.37795614937501,-117.68263823176589,0.9897044649363674
3.722786974540688,27.06758610109872,5.392968148971202,1.5854889952191966,192.6345456117661,2.546247021022675,37.86766880460805,-116.35350388409643,2.3123748351707456
5.467153290975401,3.3894473349077594,6.774391139232994,2.0374844584515466,3316.6496946726747,3.368793598331281,36.94815083888001,-116.21485705147443,2.5379879698490018
8.04722310704832,15.084647448865873,4.168472960284707,1.0,112.77322781111268,2.7858751704483677,40.93909523967491,-116.29888347769715,3.557069902742787
3.3618635805619355,37.055800860241526,5.831190248194048,1.3913686154921208,894.1470357127876,4.373584266856411,39.78362932641809,-121.73717372706332,1.7689290733355487
4.009251694289075,4.197170702715159,6.173827765271763,1.6889286156920809,24777.248929060373,1.6292020709819415,40.21345138736715,-114.24601522394774,1.444631746511945
2.307579213684615,43.80626311015612,5.917473138910834,1.7988806115181346,1083.5050123515637,1.652508751051416,40.225991862831215,-114.04817879375061,1.6294647124812518
2.186443006735786,1.1948160555877385,3.5599216168370496,1.0,357.53467459463167,3.229568201632433,38.6058129700828,-123.244041248384,0.7228936190183421
7.297380830538633,13.588017329297015,5.257971957061716,1.800713762832604,1035.4615374578138,2.467936149801307,36.851138931001486,-114.63553577188243,3.5944801581710824
10.112214171778621,38.78610686375564,5.72965957760633,1.8795812148861575,1042.3147201266013,2.337730423266662,40.714438649563675,-121.10550805695631,4.679839823325836
4.292176414625626,17.129777636194646,4.9672749342275875,1.013670395548633,1287.7476201209818,1.4810885324490999,41.29707046723088,-117.10715918249035,1.7976980238986213
8.18349841871401,6.19651179136669,2.149873356930811,1.0,2126.5643647403767,3.027745665779734,32.72615741095426,-120.61889079263868,2.982725997836325
5.567697621247168,19.371929858821822,5.281424481999757,1.3397114036496995,387.9547975327625,2.941436174488,32.98977129602939,-114.32245676626879,2.707169385840521
3.0432564636548793,14.790057605610802,12.001269258771769,2.9086431749501265,5928.627738844947,3.901618990565267,41.608061320630156,-122.98496141696465,1.655792332013636
5.566894529194297,43.9783070101883,4.288702726684584,1.0,1401.242026890914,3.08811988184009,35.13302583151985,-119.02253183043624,2.5141965669221102
11.277639273239044,16.980743796842297,3.701614814747951,1.0,2268.3184077136,2.848972402406364,40.797009676669475,-119.71952208057925,5.0
4.3863803990922365,41.23555606057637,5.750802578189222,1.7021100307048047,585.1396871870179,4.810496276178733,36.19355363013332,-120.73976547722015,2.3965846073757526
11.459123139580884,46.485479385347475,5.612247617825927,1.3030885860665946,3969.4472688388787,1.7771537694819113,33.63145054728888,-117.54466009119851,4.882020297838656
0.930673219806095,23.124688398403006,7.98124222122097,2.201576491111219,848.0567800758321,3.7230963995781967,33.26421040198868,-122.68944256578332,0.2621949107666363
7.3385516673022195,47.40710033657399,2.9947259882121506,1.0,1447.4410938057677,1.539628470014352,33.98682504126434,-116.83337581866303,3.704335121895968
4.721980178405786,20.243220752122834,6.636283553723036,1.939283736848892,431.338827010878,2.1482536322394266,34.873985351239966,-114.19407876195213,2.455279410703414
3.745651584630948,50.16799924099551,6.2724612689509325,1.006060257907906,404.66856481941807,1.849540346654303,37.14092436234285,-115.9544128553137,1.9373189027203421
4.735353903731326,5.553765750804219,4.679266585850539,1.5064878237576718,2182.4542088785206,4.107345738552257,39.164230055374944,-115.39983247090454,1.937285525271018
1.3599645744898379,36.03798259166538,5.67162077106731,1.3705509193464749,703.728881017758,2.926584099490748,41.87078647661035,-120.40363256820997,0.3108555392075427
3.9282611295705476,26.184516063303363,7.476636257445433,1.5138933568061508,466.92886022311916,2.9879833715042783,36.69431406124713,-120.75113393518781,2.020063143089195
5.552606976165149,20.770089078238,7.021143889681812,1.3926642623388517,576.4085272368334,1.9295885717028565,37.42275695225955,-118.82951645309866,2.6017639661544965
10.877935013326683,33.268305816178646,3.135511363604279,1.0,2206.0372197341476,2.664782928625084,37.45724916314093,-123.54273385237727,4.556232270483313
3.283920125702826,36.89671167335089,6.876180065418313,2.251029680428885,584.6200440089234,2.2135861189691575,37.62462637713539,-114.54641865543468,2.1934613633188516
2.7590980649595935,1.2225267521657635,4.826514434540824,1.0891971780341054,974.9099116272529,3.5021673018133943,37.418536242492394,-122.56214826983808,1.7077193655781073
3.3166186129819573,9.514607526107135,5.099536428396993,1.5295812156655129,1113.237538444191,2.020941608991641,32.58336017308822,-114.96986960831907,0.9419548212970584
7.762009606835646,37.36534858235025,5.100195112751187,1.0,161.20085176969872,5.113672045671561,32.51638581004349,-123.16417777999644,3.426098860067751
5.458918350326821,34.98565609248853,4.664136915746804,1.1436992650603102,251.86005466591212,1.5369006447592446,33.427830022198165,-115.77375072321439,2.2280360515958124
3.2613586675441253,50.26842276156254,7.977962067569156,2.7790211923328343,1534.9880719086623,2.175790544021011,33.4647877325772,-122.48037474121784,1.5962018795693547
6.097997629719756,39.81292730278993,4.789915718955063,1.4565537862577027,524.7755455286828,5.876023184830911,39.19652063507056,-123.61868385908528,2.809970406233351
4.7504841045883115,49.48940809429824,3.1650901817898984,1.0,3154.9404856039405,2.5242512921964506,34.446702308902,-116.80510549740592,2.1089118159564366
8.01397581463222,36.82956557827516,4.231633368335612,1.0591282997238345,2883.6355022946873,1.7754404522150984,40.99978399517832,-121.19734699825571,4.141504841257723
2.9410543622456067,16.2006626406116,5.32002438358767,1.0465815453822065,2251.087397781653,3.279295540251133,41.32176013098169,-116.85503847215651,1.0561922918260553
3.681803494070411,6.37361103479368,8.098557130053443,1.878154083042635,6766.7201976456745,2.4839327814921925,41.77098671001104,-118.4491474952718,1.2530652192243905
3.5421543239099718,40.87301703059172,6.304337408085816,1.9292331896693609,1009.1974320836886,2.1503957559876166,41.42127239642669,-122.91192609769935,1.3418973506642469
1.8624466584829025,33.85161029527171,3.5246667348902343,1.0723621005487252,2098.2982245099165,1.9379906243894156,35.08293905822598,-114.67869926698836,1.293709667278682
5.353080374975022,3.4574866320581075,13.384214185692262,2.618220990590413,611.306838265794,9.091586653072874,37.34288002468337,-119.47685825236522,2.4410939494599346
5.241633378989199,19.362573760949896,5.5063948916554795,1.8415843873590194,12738.31822389367,2.7165949512581737,34.16682221687094,-116.65552722201312,2.1114368649650874
4.495460338818549,49.796790589698595,8.24953054589469,2.2151114467329522,7971.5453785991795,1.3906524922248766,40.15899172413812,-118.98979427984375,2.681362121659276
3.8932633756010437,26.520458431220263,4.661392515507482,1.0534041265960865,1109.739336245583,5.460191724961965,40.940101198868916,-117.95638525038795,1.7405400341982358
1.9170308461320373,23.069185937004935,6.13091311883768,1.5351016552298093,1614.1862357993678,3.835993114474548,40.587243973326395,-120.97226407643308,0.9534234829324835
3.482020770173796,24.342679863123994,6.92949820720444,1.8779927642662233,4269.694676633409,2.2109304114549215,36.61698601261993,-121.9963969599655,2.5207561341141296
3.648701278193463,11.65301892426335,8.062937020143433,2.1123129723109506,946.5847387668546,2.0683524335223895,39.70740190452442,-118.57429796591933,1.9349297362300095
2.7694081648361886,19.804065714104556,7.560575579526174,1.8695867436156037,568.713009097335,3.9329473965303534,33.42700211097456,-119.59781027028998,1.1334841846588388
4.068313633793296,19.86047605534601,7.020811432472717,1.7621293155871809,2628.02988421537,2.721634636240289,32.882325320882885,-120.09886786566067,1.7288958911566075
5.711207738010801,3.6701060295610923,4.366515434079585,1.0,1186.1158381564985,1.3904241891284737,39.655745935933226,-117.27432804905376,2.2719247493909855
13.897535756657343,40.14594905441383,3.9404762168136482,1.2315823685289418,1316.845588039647,6.1404374517951466,36.5408751061225,-117.09493367988864,5.0
4.976598809364153,22.24172602709783,5.65784458394877,1.4617158259876406,476.1479650782744,2.5254109832187353,41.957718015025904,-123.54079943908737,2.2106261224206447
5.23062217875153,42.93117422763759,7.194027939125844,1.2677026283409536,196.82752775429861,5.464259941363926,33.423915050627556,-120.61255505756328,2.8418665465080966
4.285908081239159,44.36774805711467,4.530859785863282,1.373899048122488,1388.7264871690065,5.0096897307363415,40.62846297458472,-119.88235449773623,2.2974230342867936
1.4172767814569778,11.811696789631561,7.584212516767217,2.5520025359138274,2710.6996161426678,2.012939682464275,37.05983912252542,-123.03107838835832,0.8298089754685974
4.410957008872924,34.52502759067656,8.85557051910613,3.006124187751656,874.9731944061535,4.541584435377058,40.357926857286834,-121.64099133301711,1.908056891486855
4.646610950216322,25.08637201231207,3.4331274280987163,1.0,4612.058287607984,2.315030772379825,40.262709180616376,-123.48358202777243,2.020200167101357
15.0,45.88799363399574,3.5439138313053564,1.0,542.4433600816004,1.4237863480884132,41.201924012939735,-114.0375790138298,5.0
3.993162091339485,12.00277463799916,4.6825834480525526,1.1878774194376054,381.95222870259363,2.534916591121399,35.32957510721798,-116.63442797030156,2.007814877006592
5.370539695360742,35.568473215812254,5.601559646540566,1.0,1025.3298993403043,3.5220915402113326,41.52309385788903,-123.12549843497246,2.6685135537962204
4.389313945296875,31.99535823488885,4.015545463133187,1.3524256076763417,1009.6988778588509,2.496538920346275,33.94083612339739,-123.79750620209907,1.972232166816385
2.2228567154758845,16.060375356163473,8.506929541516097,1.5883792222610162,2368.3972305784496,2.6569548230205924,33.27870338713816,-116.8071219984772,1.1598295774816136
8.896818035491284,7.966646086209803,5.868662442617746,1.1769788682069366,505.2418249454548,4.746589774401979,36.60034741503732,-119.60807834317333,4.213495154362624
7.0368443195508865,34.2336277843411,5.031805264855683,1.1639939531008372,4307.419314443879,3.1349009920911044,40.36906820209751,-116.13203290935424,3.4369738689899587
7.203875666603845,38.66847036474886,2.7888691482300727,1.0,7839.39516077642,2.144015934862098,36.99750074101773,-114.76523962181616,3.1770239643086993
2.597027513913037,17.09699453193085,2.926109349094916,1.0,1054.5358252560225,3.978131073421187,40.37822343653988,-118.00699610983628,0.40875041308795645
10.398656203133363,33.886462805138,5.542267428302016,1.3371460845504892,3826.5175787301378,3.2513497791454697,39.4320246550459,-122.12891577082748,4.983612235328353
1.932644673998474,21.151676288186668,2.1105778014236884,1.0,381.268148485945,1.0956612687698895,34.48956966831987,-116.17805963953548,1.1742098454505048
6.373280035440963,37.37355104741351,7.42650207474292,1.5108622798552716,3213.839287576904,3.5656314589225846,41.51437543654491,-114.44188256825626,2.9797303815516805
15.0,11.159979019596708,4.6494013168741555,1.170824686236948,3125.2714067506777,3.513917398502722,33.07742110197933,-118.19768712940044,5.0
2.4736089680793296,46.400965134444895,18.124002918562354,3.2530914837412968,2600.4434838871775,3.0284424723520402,41.033657221666054,-117.18002552719267,1.3712649466361375
3.190639485047442,15.657889419744567,12.468014192848077,3.395428457945328,1079.698280445897,4.291688444982443,35.39221276540855,-120.62525304963327,2.0811893734595888
4.757825894509039,19.757085375563797,4.6062789980264105,1.212139836975272,57.15409600253051,2.2957109238160234,37.25140679006179,-120.1847230533969,2.4240149900180072
3.3132003902562466,3.962689556097839,4.7467738555455075,1.390522132312049,577.2485038353215,3.437003154001148,36.51234279065698,-116.65345502146936,1.629719998462291
1.7675633175296237,6.687122828385096,7.376008256304547,2.4897046354483012,586.4479880975174,1.6051484612623357,34.132428290710706,-114.7222890159318,1.4948348697259597
4.66990059171517,27.308957038328735,9.789095322691178,3.2543936698394798,412.29745291192313,3.535434315607034,35.90239523081608,-117.71011612775648,2.260136959598287
2.3693550131643257,14.647226513126546,2.572268969775294,1.0,1239.2269100708902,6.561530464208122,34.332877144781556,-116.10152091514652,1.5309975300509684
5.954548959024386,43.60949151285191,2.4240745286038723,1.0,721.2865947418084,2.0179001862991597,34.436921516874975,-122.28364982584627,2.7623351099673354
2.5814350351037865,1.749362821402646,3.8620034517487167,1.0,480.7695216183898,2.2168319945033734,34.27703994225061,-121.88040909742027,0.6140566391038961
11.35843503739615,20.333796482268745,6.253210633879008,1.3160215706655014,380.39106872404017,2.261422008785432,37.145665113292644,-118.6796531316661,5.0
2.8012003579906715,18.204622885223728,6.0420867228897475,1.9879494560788271,536.1891628173806,3.164513370317371,40.0803479913575,-122.23445807757159,1.6385702994656652
3.6941965574265416,1.985709176797653,7.59817876198203,2.6168940275763095,3366.0634062730214,1.963611718125764,37.90521532073179,-117.65004929779076,1.8167150792966817
7.301722873828272,7.342788349026021,3.0652250383103494,1.0,566.2156118749726,3.555511559429129,40.985462591233,-121.08346814605301,2.6397358347784046
2.1414462320350673,22.0957764208504,1.9611723943774257,1.0,655.279127403116,4.215364135811193,38.54717264147888,-116.08467381333108,0.962061097575394
5.13703446567335,26.13609380681978,6.981094279967268,2.369980977582302,694.5765539412622,3.7200566080295294,39.04873109850974,-115.91889653385657,2.3064848593529463
9.818669776698842,21.618777109998323,3.5563028886637635,1.0,1539.1621883202113,1.4808760372821965,38.84226868240653,-119.36212544244647,4.690537735384509
1.7083193641897367,28.077821599016787,2.2091434345992416,1.0,1730.645066026676,4.473034628367787,36.76986233524554,-122.19189364962365,1.11235823139396
5.006716520555402,31.35171542018976,5.248936572063463,1.2517598228225504,52.213624195970134,4.370803964260659,39.04871881090079,-117.53225038918067,2.13943293912545
5.237947256033545,1.5061148775196171,6.802364520121176,1.0830305350725449,3046.154376326529,4.187335232601146,33.16222359145513,-114.07212981736413,2.1014055572886194
7.164180813531541,24.6688531321287,4.717019541860933,1.220649487779878,4611.774722468486,3.4873317402571296,40.6685889831988,-117.77409102057477,3.3861566851749014
2.133640281868106,50.138461285267006,4.124152918166365,1.0,383.6817614018728,3.2807620432872353,39.889215362717216,-123.64225309285992,0.8355121268249647
2.0293712827453887,27.470646286606986,4.647154548029176,1.1370982431738712,414.7607115525339,4.5401305141517,34.829684603200946,-123.82706024232917,0.7368430471961256
6.129817263880722,35.554655640406615,4.270653649527458,1.1643256952070509,699.067016333931,6.484439572832411,39.79630831541378,-120.79638029507694,2.4734986949121915
5.355857404348672,16.905056753761045,2.8886265739106003,1.0,514.9119836601202,2.051936157826197,32.62010471330017,-122.04216193139595,2.281555778937181
5.208519811948514,40.47356028579089,3.721503410332058,1.050879306378698,1371.865640665888,4.623953884836732,34.563842438568365,-115.86948792856691,2.544404027941036
5.517191395817214,40.41899557568187,6.101361615984634,1.4448620635165617,156.5655408430732,2.9023279629148306,33.118803767373514,-115.55194332964,2.34308752629932
2.9801843679791107,27.586098430361087,5.633164805052794,1.7681691498730892,358.5515315978843,2.8523145263094607,39.91215570787,-121.41381228689524,1.4699400590586615
5.151831169122271,50.776704987239896,5.297441257547605,1.754069824167753,5111.23941203643,1.6248048623238762,39.68080443619468,-120.74355223050107,2.947489831461282
5.343300236967327,7.403060952895323,3.326566221490377,1.0,433.4515532003496,2.680716839530594,40.22954222611739,-121.63753032284885,2.0410640097602206
2.919432211289548,1.8643309093686307,4.606179332330804,1.1809626373273912,3802.5542011052275,2.015956992331431,32.542576086592526,-114.91617452628736,0.48494674816455774
13.728372911650295,40.278068799611894,2.073367260268929,1.0,1564.5260217332395,2.4954229358329654,37.26171090344488,-118.97350665377718,5.0
5.955408227692354,42.16493240560901,5.3195603850718625,1.0,179.60002326603973,1.936196431944703,39.195943876414695,-117.4386295591798,2.9016848150421315
2.192884721938134,7.130568685149388,8.771809233616505,2.4886441997034066,2070.0523902035266,2.51038629847042,33.976310723020646,-119.84517913300397,0.9553415588086972
6.645448373311647,14.54472448088891,2.746554308132291,1.0,974.8978514903735,2.5537320983798057,38.67301191136993,-117.68985806495469,3.2557720514355792
2.4972521761882187,1.8951705316980743,3.918186544928625,1.0,695.4317973192847,3.122712350827929,33.29904594344202,-120.14144623278264,1.245003201470329
7.186834152970694,15.9587391498088,5.649927490205504,1.7655047750563613,1401.0217812851452,1.5747555518910128,34.22259563299097,-120.60321562270775,2.6826171856419814
8.98141414784774,40.43023556985224,8.175460567847635,2.6216997188372795,1762.7554944432738,1.685045794031636,37.02006974244871,-117.65519926826519,4.2890006656812405
2.7389937515484286,27.415986913341527,4.140059474188041,1.3780936835871385,2225.1771779617857,3.4721212148234226,38.70886895047047,-118.0893792195101,2.0741134726080404
7.988681101835917,18.752875251582694,3.7550434947080764,1.0,3562.6247715194518,2.1837088819159725,33.88575670606201,-121.06472045832051,3.742505208644663
5.7412017708551035,19.958704040222845,2.2533787196345405,1.0,1649.3489491865469,4.617308299235248,34.25962164289391,-122.50651549680526,2.7260568931902096
7.339245878480165,1.0690349114888757,5.1622640452562045,1.1054087686741692,277.09652500620723,3.287435865781361,34.4422404871238,-120.31423306161862,3.7272530621072613
13.986265181419306,16.28982690582703,11.210271049568979,2.9199124257986795,682.9041700608395,3.8293874668752648,34.767657644640295,-119.8480236085809,5.0
3.8681143119474766,33.969395823534455,5.534179876855859,1.0,20807.074650116065,5.281852709751488,34.65226156099977,-117.71315666575396,1.9671470805593867
2.851252300301169,50.683916634634215,4.909089115116053,1.0,2263.1005128072634,2.654126703305305,36.25391653072755,-114.85471236363136,1.815683270922834
2.6281793450502295,44.20010217617887,5.634074678334549,1.6568384971111845,11722.757309914256,2.3874009792035054,38.71100168294887,-123.63815202467075,1.5259083067292167
2.747012147007034,2.2033431969219857,4.931105481029707,1.1780213532773058,4426.808091350309,4.25749531966819,36.66130193977746,-121.56338987458155,1.2800193899144938
4.279084027192249,46.826590838416806,3.5779651719512153,1.0,1396.6084929512738,3.6832865047484358,39.871752133123934,-122.0628405772044,2.060845363800167
5.499687018489145,40.94311907822992,6.884771656499476,1.2949064365643768,1482.3842789496578,2.787284644076997,39.33305080651184,-118.97705591306216,2.58796128981088
5.291038178279545,40.79918230212,5.421131780509118,1.539550999228354,1057.2431107388668,5.241371426910458,33.70200568346622,-119.7029919295684,2.4669531119287162
7.36184035282077,24.357783709182144,4.988051241766099,1.0,192.90452630534944,2.7596456286362927,32.96399542154707,-116.70962376179811,2.9094446436601418
4.516788060350277,21.298269940679646,3.352993701746168,1.0433786581839066,1116.6040416437017,3.0438082797674366,40.84044485799626,-121.57584087455136,1.6694598941610987
10.720099596249247,16.448702170492822,8.342835718386091,1.3836586466956733,3680.0239987537866,3.029777123859044,33.258395132347296,-118.05501634250241,4.831075774292575
3.823651668081417,4.350437806672654,6.46162670576589,1.2167108877783095,602.0617442079098,2.067132625746484,33.90922221683727,-115.1614273640004,1.5315799623629711
15.0,12.640003538178654,3.9702603228399385,1.0,1655.656687368841,3.098859547171638,32.71026611780212,-114.89322260081696,5.0
6.523430635571456,13.576785383879256,7.394451646399285,1.8262206481928576,2569.8197670902264,5.25249956521056,38.46919547033721,-114.41215395274969,3.13890061856405
2.679701656568959,25.68793055522028,4.05914217622716,1.0,441.5624946167695,3.589408142697492,38.03252035000431,-116.26738847920012,1.5249336774957605
2.3571764921899496,39.119664736431396,3.6226239198129995,1.0,698.3337467245872,3.0417267698611554,41.87558483113493,-114.94012093741085,1.1111696481635767
5.9863594085256935,25.164301248295278,3.6550828225298218,1.252900994997505,396.2671121607836,2.8159314290889097,40.925857765013134,-121.65469128014726,2.4475462781597814
3.919336302200204,3.950066921805191,2.4389620970905765,1.0,481.9471175045227,3.429267945264747,36.40301018606864,-122.02419055649523,2.231790939404174
6.8784978782330555,49.8472798503984,5.981174492866506,1.0,302.5948301209498,4.054821437255387,36.03006548866908,-123.93511916219474,3.7431183111878656
5.953281467904247,49.078940273799724,2.381051147191152,1.0,445.6578649207645,3.8331830146241024,35.32009432565986,-116.93155642570902,2.9772641180319983
4.290068295052538,41.044666700568825,3.030181344782929,1.0,4534.434603505454,2.6307107459051124,33.94786574035987,-114.62532812186255,1.9733066146319953
2.696416769400051,51.55772297977525,2.15925832865428,1.0,439.0103420111788,3.420930662672465,33.81179473771908,-122.13064654958323,1.309867418227074
1.805958842078792,28.768598972813407,4.785411996563981,1.0,1244.462786587807,3.639971662021119,33.75669522609125,-117.63056424573121,1.2151483592667354
3.428390910354087,50.10118586291351,4.663992382962252,1.4070190170543266,663.2362399013887,2.0079654690416424,33.5840901932744,-116.53540240778223,2.005131790739775
7.492026162201393,4.85585707145429,4.346285249906013,1.1787245832824642,3564.8096490141716,3.213279981257731,34.7848644028526,-114.72385764851944,3.8142857229720235
5.096001672549567,19.649718161329936,3.264050543528956,1.0,4069.039667254586,1.2655141034129826,35.41335198797461,-117.53139775982778,2.4040559078828854
2.1224195451260286,12.494444668345057,3.099083735552607,1.0,2602.0893101517136,3.643750411058051,41.6350002248697,-114.29706267251248,0.8018935266860212
4.9724295091697135,10.987487290847772,5.964039055478123,1.0621941746570123,1489.4088170152556,3.9123461085904148,37.995495884517915,-120.55326858987452,2.876739971888397
5.647372698185237,8.18095039352648,3.974024174658587,1.0909088962927922,870.3891958418367,4.051221539424425,41.88215985787617,-120.50071466228593,2.0297029807862805
2.637115057214853,32.74309571986583,5.621189681566143,1.0768218988732907,332.9942743900498,2.565058432672275,36.03843600434389,-118.56987489985654,1.4014564194661656
4.914721376391304,40.84741464311256,3.4760636744627442,1.0,7658.174214474212,3.399467269857355,36.84745300959969,-120.16498118884093,2.3817392194036855
4.64097851597226,30.49321837043839,5.32506595326486,1.379066075956264,513.0262339910944,5.309945323013015,35.58349726207015,-123.98574271712468,2.590112269135475
2.257409284168566,8.495098188998693,8.342068564445018,1.7243175686174197,2129.5082149232016,5.288358309923346,34.23743268351725,-116.68227974913013,1.4716739656979008
5.554855533645595,42.367312266607016,6.261791461670125,2.1270368274510947,3163.9153443127766,2.969313912716743,33.860064723887,-116.48282958521517,2.5695603667815705
6.274355156425004,33.433690065350156,4.1997897844421175,1.3376028975957577,629.3701158309497,3.1763344786999084,41.47825237917441,-116.5302539531323,2.2152635521666464
8.583405497698665,20.796451012476773,5.489732822590381,1.6165874343928603,3096.45295504042,4.684993170227851,41.87470147708818,-120.54979333389534,3.6878631516650846
8.43408498053983,35.38064507233921,4.4984546657529165,1.0,2354.8050067451686,1.6481924356825453,32.92664021683295,-118.77710526688828,3.459032895662335
1.9608898576678881,14.255153941384474,4.9686693799891914,1.0,6173.145764695077,2.6399756745474194,33.92828580995178,-120.40026481823331,0.4297787296827993
2.5530914955213917,18.604802633204734,4.348172227176279,1.0807654665085513,685.8462886348711,5.125500517539104,36.52347887685971,-123.83963599969354,0.9586824990150513
6.104469210190921,47.7917779997315,4.637919665028142,1.0,303.1221873248249,4.437451462324109,34.27016802527187,-118.37551058728582,3.0037513754887333
6.099895077047538,15.81572978924244,5.391573874244318,1.8636141841848515,661.500172651839,3.482343584894458,35.95686373945539,-122.76239333915989,3.3698164896107574
6.104514697558969,24.969401676054765,3.328948605877674,1.0,1351.3421226913406,1.64487934967962,33.726415323666515,-123.19958675908559,2.73576625670824
15.0,46.39719800719675,3.2990959262776203,1.0,1162.3658431790645,2.944785286935051,36.836861688857006,-116.44500931303213,5.0
6.312515855848452,37.0937888636439,2.8422130124510017,1.0,739.9348218407223,2.37271256179201,35.08109885360796,-123.90493797581894,3.324122527979842
8.858162799199938,4.17236453439984,2.61141327170834,1.0,162.52023888884872,3.429503714732314,35.84309802970728,-114.40991556391273,3.5832358611899684
7.943873940468826,8.512455258227487,3.04373969772433,1.0,1755.4543585072784,2.1733316790178314,33.3959701888961,-118.84744635887424,3.589452072390189
6.62489651109496,1.3999211293677578,5.279255070972499,1.2462382976189876,7882.059283324332,1.993138719180968,36.56721648174634,-114.16983569293852,3.1184662341829408
3.709282468568748,33.17701130168733,3.4655972828968897,1.0,1744.5488074248292,1.315285679662328,41.840947304134914,-123.42002427527292,1.5925114856563698
7.066614651146566,23.831344695931335,6.082682417013113,1.9923844805113786,2016.5340886965218,4.897485322969305,35.62391394537131,-118.16470451134087,3.2636994351115023
2.818781984561971,7.848017396016052,5.022287461307888,1.0,1943.8878755195274,2.560216423691912,40.826078111003135,-120.50672964024089,0.9399106139563241
3.888054235481409,49.85464017389529,2.2537563535316654,1.0,1631.1599555463933,3.199064148634281,40.510391845425005,-115.56517507185714,1.7392695562402505
3.349402163660504,28.012645921226614,6.436534239510609,2.0377991947481977,2784.0610967023695,3.0014777580686616,41.5445549738235,-120.38777264765714,1.8961820497420225
4.707347018539751,13.336557999757348,6.850485038015058,1.4352735038481041,1628.4333248253486,1.9601606355860544,40.0060403665374,-121.39512420942651,2.513796132219229
15.0,26.530782128890085,3.328277590428764,1.0246373182236457,802.1718248328417,1.8155238259585862,38.76616985705874,-115.42446872900086,5.0
1.4617595545719861,35.6606369694905,5.859572315122568,1.0,494.729471026288,2.0094759156718967,40.63755222016085,-120.2534690834674,0.3457829384726855
6.7649584129800635,4.888200116651788,3.516269776199465,1.2073924888589445,854.9357712066917,2.2495554624867253,33.21862446624482,-123.83166680139439,2.3889204092318628
1.702964366129245,15.00989456744249,5.150367908662811,1.3149867249351388,1501.3642840883012,3.4786437778080774,36.89689124338867,-120.09710899160666,1.3873994360173076
3.376504087234048,42.15524003508367,2.9867941967685407,1.0,799.4444419595939,2.185212187008735,41.89793426684306,-117.45477730989057,0.9790658148222593
8.613841258781468,24.442908390535724,2.4175567409401424,1.0,1501.6783823509497,6.0411612453901276,39.81120143729996,-121.45640461193618,3.7192956380728375
4.657915411465375,28.87543424364704,4.249805104647437,1.0,1701.3037258720492,4.530627334560331,41.63971609135362,-119.68012407574842,2.2786832121743665
2.3475051671868497,23.07361611268293,4.713866204324232,1.6398121783501085,2522.938143431563,4.150977380413258,39.90652638326805,-123.43284861717774,0.6086277360065298
2.9177645979298505,3.238897074793261,4.22461495841899,1.0,3955.2337024647386,2.863762841728628,40.811378690700366,-118.11907208486043,1.6028987451358494
6.737969708556571,9.453238770827951,3.084494469630387,1.0,1185.6037511696827,5.505305668731008,39.212031506880315,-116.43705076139607,2.9538079105290795
2.891513365566273,23.722623575836437,4.220866231653143,1.0068757601071348,296.5522527706795,2.753293269009078,39.72476904196378,-119.8668743859889,1.0396939051825427
5.103237558687823,11.668458735804318,5.5163582267461235,1.8743660913515459,776.5770796751648,2.9668341286555986,37.47019109347526,-119.7976736719854,2.4537318836115576
4.605923092158803,3.5489304616436157,4.864883593195506,1.0,1146.0340024756003,3.2155223455740667,41.280258157734266,-123.11717501415083,1.679749566678213
3.031446175912978,44.02613286664301,5.328130425716851,1.3662251630069602,174.9029491533959,3.9778012473202486,40.33786965092194,-121.98059135488018,1.6032026173625358
15.0,51.0408189873699,3.7884384655195666,1.0,4396.941744188512,3.875843170804553,40.516907173823505,-122.45324696872088,5.0
6.555808256254495,41.45028657383371,7.91442596607772,2.299720782006625,1264.431524627475,2.484198043678868,38.893586459149,-119.18312231338462,2.7414991051755524
1.3296482691938931,44.543031006938016,3.0942039422461707,1.0,1605.7606275990252,2.4273557890485873,35.393509497328864,-118.7074445904925,0.7085648520777503
5.012188213294961,13.340833646169314,6.019619906273804,1.1362503668826844,4296.3730221400165,3.8804890242105525,32.83848305620632,-114.5105986871574,1.7386665832781727
3.012975477265085,49.991975751173186,7.946697528837894,1.5330209744471632,583.9744137856928,3.9992011695232983,41.38872372939068,-123.26768495722766,1.502735638880829
7.474221755482847,11.043210927124848,6.003623701056075,1.786859428502411,1946.9940139807366,2.5667988787620133,38.06814331365222,-118.00132026844953,3.2368777878489876
2.785667598720777,49.522920328453445,4.56761099116025,1.0,982.5349119447037,1.5922128402790603,35.332358225907335,-118.7350147267176,1.3827278297598804
4.183541493691376,51.7357839922635,4.00955868375156,1.061323578956547,912.2491403576036,2.765091043609819,33.91678352455161,-118.83766902064171,2.0449309494814565
6.067777344298365,37.297863093048484,7.496491120143741,1.4471883458318036,506.6435059545701,3.85515155272446,40.38047007225717,-115.26840712617174,2.8523670570183626
7.534203475235211,51.038330321382915,2.80333570096963,1.0,5799.9420997707,6.185245751776768,40.446941847252,-121.94461529304513,3.3813223842865736
2.1810843377316975,30.046528757922285,3.3600313216393682,1.1371592258215468,753.327424455583,1.86044706256837,40.23782569724005,-123.59226725658628,1.185164019749496
3.6667263398245273,14.236630941980607,4.224821003192193,1.0718311525875448,2207.1651794711884,2.53291673620811,38.62828557368447,-117.27728492365807,1.4347339655892737
3.3704046566178145,23.286790168946663,8.125940724615656,1.7914593306602011,168.17289927468258,2.570855120791995,35.97714618212282,-120.5484253586402,1.8893761745594377
3.028303193316712,31.271607704318082,5.765587487440794,1.1347342389119441,3568.8137251877047,5.167154425685455,35.388667705412445,-123.82410083787475,0.5839972936664896
12.926410501739323,4.727159663377765,3.3628260157870953,1.0,3140.731947248686,2.9624700592163693,32.58127031612262,-121.48625992709586,5.0
5.714398409785261,32.739506495479546,4.374870493326352,1.0,1208.8612869142985,2.089802107842767,40.41927180753828,-120.90673225783188,2.511382061619578
2.103220260150493,51.040069674877024,3.8739348297054206,1.0879835794097448,873.9800365005184,3.7564640893150543,33.3306106261896,-117.83161623215759,0.6608786581552288
7.773473996327241,10.69549013897011,3.728792307606114,1.0,1635.9844391796346,2.55523601197777,38.49217248138729,-122.27414205950728,3.7048614320376676
15.0,41.42235093070755,7.326924299621331,2.4824224412796214,10816.095858279816,1.8408825266033426,37.28871199498084,-119.86945652046602,5.0
8.326799397300588,47.302838482760585,2.8613763441729003,1.0,188.0604213014325,2.102002952544382,37.50354890980034,-119.17524555582168,3.8412598733328287
1.8010647547391216,49.12878123383126,9.426381890741247,2.7220814525659014,2397.1298085907047,6.011154230485562,41.30377203042384,-119.40762608635909,0.6367666875593925
3.3516727724829756,49.966915824677805,6.898416386602109,1.7098728698942247,440.7080763413907,3.5032240045507037,32.8003426070768,-114.26059233333218,1.6262026705875963
9.584495008546051,27.59444157479507,7.662548787133045,1.9349103703986195,1075.0060878911318,3.1364890022783483,39.84722613397334,-123.54495762209704,4.13530442646357
2.931160209614231,50.84270330756669,4.115762831462894,1.0,855.8711857845384,2.7183973733191364,32.99449778448942,-114.490318135476,1.1026002891013469
5.849122540330267,39.62282056385638,4.664700880782268,1.1241469900068308,714.5705566661901,3.3765670809663777,32.86245925638608,-118.18062786005967,2.945150113096687
7.1333461640566025,9.245243248085057,2.791947201796877,1.0,1085.216593011193,3.3605154784082973,36.58326813234313,-116.04272285030162,3.328062002898646
2.5698350579284766,25.32190542986647,4.015392243603616,1.169798216706776,352.77443371839945,3.376594074821717,33.099214156258185,-119.69607381983924,0.5043087619594774
4.32444922893171,37.634889943972205,6.034312559160189,2.040370036021468,3069.2252161120105,3.1453904632768213,39.99686753728267,-119.4616211874302,1.5389470983906837
0.640977833334121,13.61435610677325,8.318028143100923,1.7955649523094221,182.33697548670867,4.252552263692191,37.5308493896592,-115.20673500984176,0.7079139953417447
2.4238747963430765,33.671374360993255,3.1808144275018666,1.0,1881.3869305061253,3.032058429083328,32.77586843526786,-115.04065503708098,1.183515472468541
3.851486236124022,34.99662443137758,4.279335006486309,1.066662871793627,791.1314590635516,2.0316016371329972,32.88475652157823,-121.61311118568702,1.1785738261547178
2.1198176923699443,9.29768693423686,4.6621667687527,1.2069989212362409,340.04402896855805,2.3514469066374635,38.32035103252505,-122.00758121415382,1.2639117182931885
11.934660126690702,29.819350935090572,2.833986334072651,1.0,1342.6269316097744,1.361235199670785,40.15806226775484,-119.03764826130049,5.0
1.9001164489656992,40.35297245990899,6.274787981908479,1.8955690317118372,231.14585386710928,6.7579990412078645,36.65909554711035,-114.99722972872308,1.746081268392321
3.441726751129186,26.443678891333036,3.707670816887102,1.2865092049472953,1141.0610130206999,4.242284141384753,37.76851637958843,-120.77644906593824,1.8214824593275365
4.847409053206949,1.6172589555814787,4.580663513283756,1.5535546745899487,264.31011510737306,2.1553902592687346,40.09837981347407,-117.47985384660869,2.31999255823337
10.641526838098477,1.460961923043901,4.133895783073091,1.0,1739.3592622717297,2.683876112456826,38.29980865339728,-116.91848312259398,4.261787019322442
1.893605548397579,19.20849654247062,3.612010699328344,1.174165882563306,435.1290554874682,2.3285585086684684,34.635222257758784,-116.21325335105844,1.5573106170747217
9.006065108334191,48.23589749002088,4.939094455570438,1.4367762910526871,698.5494585360786,5.567905130537816,38.32399424576005,-118.36075542079037,4.145285363102229
4.5092905565734,12.662515759784048,4.543765931656322,1.0939994007134748,1471.3702492475452,1.7024172183759263,38.46865486111953,-119.9754482172103,1.9175584420803813
2.4870438823828964,33.35254813245604,4.268475966791951,1.1017884023505138,506.46635152130153,3.144926198330656,39.4740163183707,-114.32984011201027,1.1751245210605616
5.913643178501935,12.325869405359349,3.7010455148960153,1.1840386106491414,1034.8750774839166,2.8765419559363994,38.39830478178961,-117.88669246697147,3.2347712707396794
5.050240254701808,17.40516947263698,5.628313651895212,1.3847170548879897,241.33101534685824,4.181773556172145,41.70780023935136,-116.71434788366729,2.753460071205866
3.1263615168740113,44.250146569675685,9.59696504550004,2.1558763720299927,2060.853720987747,2.8817458514677807,34.37423893281215,-120.55017154304122,1.8266480316157425
4.6733737954886925,38.17193355576729,5.238079340849475,1.3024458017564635,6405.509802051307,1.486934249079237,41.53536145588723,-117.3005081899692,2.2624998002033987
3.556624218947625,5.865363142973742,7.3775919104228596,1.9611554580301798,17893.78756015757,2.7170666643114996,37.614225158325155,-121.42202337835874,1.747040695774461
4.7975741615325225,22.863803070308116,2.8403044011662475,1.0,1201.3102879041055,2.0363013790812574,38.88358333470166,-121.54903082471364,1.9348425198082464
6.667722882505533,2.487657945908488,5.275664145080462,1.7419269438811458,2411.982110142012,3.101332378353462,33.444885175795804,-116.85277798190573,3.3719960674276193
11.607020025582795,25.525397476753458,3.1932929989042096,1.0,184.81851195227054,5.331703614576946,36.11547144309202,-118.78605263737064,5.0
2.1325334811956447,34.78413459675447,2.743487795486041,1.0,4928.225811515951,1.4981483351274116,39.80910189140014,-117.1672338957761,1.4197412819223798
15.0,7.043633803505729,3.6849296590885485,1.0,2383.2693600535185,2.181277917716982,39.21565464344041,-121.30561509251908,5.0
1.3892267818096522,15.733131884367449,7.978574279359654,2.160875470576602,675.9144772182508,2.4083041280283024,32.881324187571394,-118.0127665894327,0.8421615362009047
4.091570750802504,21.289667900610002,7.242788842500602,1.2616368333435775,3778.871882506245,2.5788603120818117,37.69264550322382,-119.56066350296888,2.7175024960888168
6.378865906096111,47.89608225745854,5.458652087301907,1.0,850.2444729400822,4.039214593977198,33.33864283319989,-118.03039713154472,3.619809002109699
5.304710082113048,51.656005786571164,2.6829576212779456,1.0,693.6550681435986,2.802697182460579,41.96063607719254,-121.0912026775578,2.076540698172263
3.08447137116131,3.2904762487764088,4.579032537435823,1.0557284938168463,1763.9923951667638,3.5477765747184025,41.0243175910663,-116.84549036350876,0.9860620360652786
3.955577664261092,39.811404098264994,5.588327254965777,1.4963419843884234,378.6625731342614,2.3389235040342844,32.700266274071105,-115.94070633840535,1.1927226700463722
3.3340888685412953,19.957927386519504,5.313307335987411,1.0,3046.1225459230404,3.2935622776061217,40.657170999574994,-121.40083526142277,2.1483889737936495
3.1467845252101427,21.015367497703483,2.3690346858040896,1.0,381.4615991313071,4.100541558190726,41.23458120530487,-120.99379440144358,1.042192679192699
7.461535754274689,39.46751364069816,3.4690225236117183,1.0,383.7323138595065,2.241354072995191,35.85870811435282,-117.38845730280907,3.917754006423384
5.552283538855235,47.83974803941584,4.827693871561778,1.6772374878210592,441.558366425977,4.106385691925605,39.33526572295378,-117.04414825696456,2.472961409652354
2.957233618062974,49.49735831962997,6.138106848836066,1.6095960197602412,2343.7325339652384,3.0677644602311203,36.6999855889739,-116.9590031560255,2.1595251745290067
7.688763099484538,30.43325188795436,2.0576177293844333,1.0,591.8330816652926,4.563930007913874,38.72470860347527,-117.17301495224163,3.3130387331226787
5.3891070997577755,19.21317912432564,4.642023683339292,1.0,284.86181858804883,2.771620147382741,35.73301534083282,-120.0719228304746,2.2746533541547302
7.298853429040159,41.16500337879774,5.244707683857951,1.0,598.4362482227422,3.499072250474767,35.56431274801605,-120.05146325596321,3.5054634654140777
6.538954597101736,13.801070546377312,6.957671024329987,2.4016083387448814,1062.0514312690564,2.9557650198813072,36.532121944147,-121.45182376355619,3.079695092473545
2.7253667152014946,29.767775470509406,6.534808439861441,1.3543508580609402,336.6445131022815,2.8907474305777607,33.88289370719876,-122.43166300103637,1.5676607364731958
3.202370689161277,19.28750153776853,6.252794773269472,1.4679163370148498,346.6511320141699,3.3319981573567947,40.39582016213613,-117.07422620603094,1.499373864136185
7.0172833999250726,34.48818475910168,3.596725316971392,1.0069852015005019,9057.028219161992,3.723719326274189,35.812630005935546,-123.06811214027687,3.4532449389172695
6.463830891310981,13.260344557568851,2.3089644757964125,1.0,463.79126736115165,1.8224359408517536,36.30142076210553,-114.62207713213218,2.924024185512407
4.425835364681555,10.771240232476114,4.232441008462195,1.3207409455657868,793.9000972495212,5.330544782351653,40.993518820670374,-115.73313696328549,1.6294063547932995
4.80855407099631,47.830193420447294,7.393880732554987,1.9025611380356167,759.5779873104206,1.42779997957369,37.217926233600124,-115.42494260042744,2.441090945173233
9.646536485178641,6.191987830426382,8.648464675342488,1.7785000041889454,719.5623588187392,2.2843354627187358,37.6704121388332,-114.9333118538481,5.0
3.1426210049716703,26.803853294481513,6.581216725408936,1.0682736094564496,2041.3093924298644,2.8929952141141793,41.58673218538244,-119.9139502927676,1.3997323669961914
6.223039348868687,12.263491931113455,5.881055949999891,1.0732908471382874,2830.3140337546324,3.542888616034818,40.923900639877395,-115.532992766496,2.1429445493750654
3.969675719191849,2.9854281296090397,5.765292325387552,1.8968202162900778,807.582783790714,5.643300058191475,34.109933734440176,-122.4193869970835,1.658017377126151
3.932955890134199,2.836959732862746,3.965184956531922,1.1388203299932047,318.4679090457406,1.428583515438596,36.995542784221996,-123.78358205391764,1.965412769148179
8.664776342120952,9.936310377397195,4.701943258772455,1.0,3922.3264067069936,2.4520449469699606,41.72731416057118,-116.1510860533615,4.186981655408851
7.3540399066903035,45.20528807980601,9.656466652300631,1.5751643176565127,996.9084186314044,1.2830840639475105,36.03747983317172,-123.25203352003061,4.1635346570221134
7.301689659670413,15.40641594282836,3.3972857286067493,1.0,6187.719090756385,3.042406425349269,36.029944530903904,-114.11475332674078,3.0942071227424117
9.808872019971398,49.47341769934008,9.449024572000084,2.499092619374433,116.09561309705097,3.3490389825465052,34.35278720199697,-117.25203570398445,5.0
4.5385260691966804,30.66273694244887,4.354408317196388,1.0054498839333113,1333.287827242439,5.676406061775484,33.58606958413169,-116.46550289757894,2.019392894128569
6.747498089560054,23.26732367820707,8.41632139333736,1.8745023727367511,7469.671743660143,3.1526832144388983,39.532895512181824,-121.54196143722135,3.6288663337776548
3.720432578412137,30.584530568142185,2.8215150605693298,1.0,770.2659652027268,4.561310861203244,39.81528945266441,-117.26134606080312,1.328688593488655
5.443922296730277,27.351617646539655,6.261136264025319,1.7776759038251202,875.2473889848676,3.7944323930615553,41.705623153278495,-123.56780062745042,1.6003196699838607
4.145047165361724,39.697588941623586,3.6887658555576595,1.2694282939351533,1473.6707729446478,2.5241407838600507,39.847473003600946,-115.621742800764,1.5187441053335475
4.7502515711698,15.407299364615465,2.811991983792147,1.0,627.1615613937746,1.7098671907719953,34.811848693319185,-122.30375906968428,1.210204251110915
6.40509786859336,19.005569971615422,5.40548196303169,1.4563629183188036,802.6574763357769,3.353487735464967,32.8811074937409,-117.0264193316623,3.4332174270625844
2.7430421824648494,46.59880942919579,7.417104229489332,1.7418105886353292,782.2582318631393,1.6539381358347212,41.86165515151177,-121.75519498767272,1.2774685058430575
15.0,49.26928217067068,3.5325621336396757,1.0,585.5662135684717,5.043411959188613,35.73428160766426,-123.31546830573957,5.0
2.4507389004325173,46.5204696018102,2.71935199778478,1.0,3747.5461703231285,2.8155993705260385,35.463729653108,-119.18506321450606,1.3813147359000535
2.162979852519811,22.391847691822992,4.774370316113788,1.5040554388466925,1739.0217688376533,4.84559945690502,41.10657449261913,-122.3071378972721,0.9028288010661611
8.978802523086141,40.798640653350965,4.782798658070095,1.1815957691777976,1408.989742805647,2.4791461991066726,38.058449036177365,-116.7055601167345,4.503357446890145
7.206602475982068,25.29312239835604,6.1677114353947715,1.5954708130419504,2461.6102966045664,3.34524627124404,34.54127615156678,-121.62434156616516,3.7792110323012076
6.517376321220633,26.374532459451213,7.241568514234081,1.5276246832315825,841.8856242196462,3.2665668582146177,40.946414305804275,-120.57527443764171,2.9039242857817307
6.533921542679935,11.438685561921481,4.836706082096056,1.0,505.6254519451921,2.950522734517833,41.93692812302006,-118.32560748735527,2.4104375954642845
4.448878029969839,31.14764546618434,10.404114219185816,1.7393814311732199,600.2676837960026,2.526755818274908,33.32344633093289,-121.15031722422688,2.527577523881056
2.616002468232608,10.492930785420745,5.417822044113846,1.5864673913824074,1098.5902446907362,3.5147992364050626,40.69139046887363,-120.22011883790039,1.3698803241195407
4.690235220926649,17.909799652426884,4.312118857565314,1.0,380.2345471394468,2.0741152860779635,36.209899128001744,-115.84378228959613,2.3531332475981195
2.9853081462548974,44.60654028261669,2.599640214357427,1.0,664.968042701614,1.8519254255217898,37.47868824181369,-122.20790150438974,2.2107047706454095
8.045169426316734,11.560866269753616,4.459052020014953,1.0169995790646285,654.5077053289573,4.938841340987523,41.19075176976732,-123.17798410518067,3.3190933148334283
4.103193492353739,4.629072543845073,4.329470386017466,1.00943749553002,9177.923225196851,4.018333223198114,41.74710235986362,-120.7164221486698,1.2039894863060059
2.73109241705498,4.519387223253632,7.272658594048477,1.7733323389259197,68.4555794726834,3.0843984407258573,34.990557148883596,-119.75623232986122,1.5838577088803463
3.6956945058075807,48.9800105456585,5.9595409102373225,1.3322059159812836,916.3334058127649,5.847749889722142,34.52208232411918,-118.57340717863433,1.6884117762443767
5.7417203189670225,26.852942336053566,3.090251104953565,1.0,6159.148354406378,2.6990336256313125,33.264907306619364,-120.27576303824993,2.579900314671182
3.1955693373804337,21.880015662667933,5.306336935589488,1.1245526823087284,1238.7331264672487,5.099187880820502,37.83707960029031,-116.10088299777195,1.4191763099733454
2.736467247187061,42.35480763140384,6.479299927780967,1.8320017882291413,2329.5198990565914,3.22273260244763,32.62924175678135,-123.60680512331527,1.0881338824449702
5.187294793501464,43.62712232343632,9.12677630198293,2.5843095048086355,1211.7565923914692,1.9939143165300057,36.4130338272944,-119.68232461801442,3.3981214802134634
5.191278171445311,17.941742688895836,7.063930233906766,1.4639632426043379,562.6549814930668,6.29160419224541,33.19714815819408,-120.17744085343595,2.2343652106841074
3.306314400270056,36.37452093116356,6.714965295286837,1.6251594282140642,116.52246248977113,4.465067530604709,36.34964493782867,-117.52421509193141,1.6062795218411057
3.3783148383371606,40.327263608446216,5.073517671584618,1.0,1346.7582495096112,2.8622029414888477,32.87935579802329,-114.33723748102604,1.8444192035725717
5.151201365958026,34.38718503016368,5.7853265234294895,1.1112132151271492,504.91666476849315,4.018338480213073,40.434563975783306,-118.89624593371138,2.0917745010297413
1.8797699364064042,8.731348814805068,8.164552846711729,1.2623167612584758,492.5837977402949,2.5561919369536352,34.49252044241638,-114.1312315305828,0.8909520239126594
1.9261471943927775,45.670037259369906,2.9063239669062115,1.0,665.8155924728579,4.185639977623022,35.61893274840016,-120.97750605086803,1.215399392983079
2.9122718097786016,28.493822189536445,4.306925330365913,1.0,6278.34322275495,1.1543859688252969,40.76545596776072,-123.69131867457538,1.514973009830564
3.9429599948301397,15.406093744870189,3.636321160909668,1.0,12147.000456164818,1.9978657115320733,39.58952758265595,-122.34336832523587,2.0729475305742913
5.400786220488176,22.68663745732239,5.764170440271588,1.1869596286628694,1362.6790592401583,4.444662320616063,34.58086443559956,-120.04875115225433,2.3635987399883205
10.861383822268852,2.9161256103442765,8.101821154211448,1.4217206552275803,688.9941470212693,2.718656391943058,33.18304447724621,-120.83666090811448,5.0
7.497696004307671,7.521206862343296,3.9009116620245066,1.0838783565239936,337.9079707591755,3.264207208083072,39.29890088012573,-123.02945869016622,3.2883423217116943
4.071603417807913,40.042884276308904,1.9038501927821143,1.0,1752.04711200055,1.7529248491243195,36.21167423153704,-119.67339892309283,1.7983671404727002
4.430844842571409,1.000593372523673,4.200114143694753,1.0,6521.799410599673,6.291168334898457,39.7777599916231,-120.61884228340438,2.2654028122709073
2.4558732022832723,22.2448572525969,7.137692128560584,1.9910688217278065,856.333251581822,4.836599337151742,36.7303003375645,-122.77380779542561,1.2656903399751684
4.432182464584786,27.64801923536501,6.141395283299781,1.338407319004449,101.59597916836783,2.772434770517096,35.78702292323663,-121.03882869388092,2.3830225880885196
3.768981540851043,3.786355420049587,5.878340529030995,1.7140627597820515,2143.187898637804,2.5551774090044512,36.786451378017766,-115.13563944644609,1.9658146583127853
5.43919534933772,50.62698631158897,4.4282420605960935,1.1579186490824862,2937.7513226811034,4.535075558267962,39.611310363871425,-120.9795113451066,2.2654391781446086
2.7282528806448654,12.53239189373327,2.969482530596641,1.0,224.56256618765423,6.639178128954133,41.07109272213356,-116.86044576757948,1.2834996291125231
6.120280375987515,16.514134701450324,6.086771006120505,1.7053037907203301,1308.3004188472387,4.399558092354099,32.97278836759147,-117.87952920342245,2.860538060137893
11.24184916958977,16.501068125006395,3.54765661115803,1.0,1721.9730184489695,7.1615115351867145,37.47905964165607,-119.72818837591629,4.576406169345561
4.198569663284008,12.751249767984845,11.865543470552089,3.052791664281133,1019.3217131730212,2.077280254976636,32.81193657629684,-121.60974363196331,2.1612942468942413
5.703197789657305,1.0751649264018823,6.222693697506168,1.4774518062540254,497.31771175135486,2.1646209554242746,36.94989067773141,-120.30985300654055,2.5926885130699135
6.780741047539128,38.196584498487816,3.9264695114176758,1.0,3028.8467744481886,1.8671693225826786,40.91018687642055,-118.07892786528957,3.3166179032418035
3.5228408256815813,50.30912048976355,3.878489993854311,1.050298967072276,732.6149478933013,3.584805647390809,35.935107530992944,-120.49246785250645,1.409650176979245
5.126665711450134,12.438967647537298,4.772271119904878,1.5474886956914318,248.34374060257701,3.2227705856413538,41.35827900026611,-121.85103566425768,2.030434104442074
4.515678445972777,34.815406781974545,4.5005482882671295,1.5742060105722104,141.24917288532907,2.827009815077638,38.49078048068079,-122.83537251108368,2.364521061820919
4.752190450047989,38.83671267489447,7.74256873316238,2.1025143120649643,3869.3798201833206,4.1524704706144835,41.37447576603356,-115.20233062090435,2.1534368117453844
2.8184698454447705,44.26969433361676,5.336481111629018,1.2324132175689373,2031.7727696202958,4.91814507473911,39.693082941418936,-119.59687024248095,1.6576306886644332
4.548084269158557,22.554089047694067,3.6963553899140438,1.0,1197.4787060576352,1.6318837726800628,33.48263408316324,-117.7479167825707,1.5478604773114737
6.042386046484083,16.44947618766189,10.550531882586599,2.1250798799982817,706.0777529943249,2.3660246616169545,34.69593799184543,-119.09589638863194,3.612126388175863
10.704734975692396,17.590051835174588,5.051692484621069,1.2421656946598263,646.1305581725044,4.170589687357059,36.24461931854331,-115.27433481642036,5.0
7.9690277420140925,37.34368798802416,6.7364687977750215,1.5053012746254597,374.0028252604735,2.491548803275487,34.11601537911472,-118.53065147551789,4.217723564011509
15.0,42.655752791787435,3.8833935475183248,1.2922493162857978,712.3321856150104,2.1830381851275016,37.20166024537828,-119.19218582050887,5.0
2.8280614085171996,10.262312355586735,5.727311658568025,1.2809653339256653,131.6191842022691,4.515044175839421,36.97799747916416,-114.75399009578287,1.5142014969939956
7.563941237298843,19.917991416046025,5.609401315483492,1.2603703134888038,525.2825700848218,1.7935555170738295,41.584462381260124,-116.80310403954645,2.889996439888296
5.002837259744434,46.99895003420665,2.3259772729163766,1.0,803.5685402448686,2.6627730423197775,36.620414887511785,-122.88450092653143,2.2819614132807233
15.0,42.1413695044317,11.09073465722838,3.5193567509967134,2018.0360141080712,3.4262199919617164,39.96345464073598,-122.22295538803186,5.0
2.759421424051283,51.22777854088627,8.300018837423051,2.3253138900542982,1053.7110407487326,2.388037823606107,41.44815017608906,-116.12877137060558,1.7494106865883468
2.7078823119066,39.46666124378612,4.225433561038738,1.1528409686122159,2428.242719129406,4.1093393044273405,40.83139389425286,-115.64148678820045,0.9803144850439841
3.1279080070307943,21.052955252424034,3.1870384621669827,1.0,4226.523663159648,2.392764064212303,34.48234243286012,-118.54809170909704,0.5716132363875717
1.2531527368520516,31.122529533726524,5.691789202355833,1.7848360128046978,3159.5032467373308,5.277475178065573,37.21228399540867,-118.45544772133361,0.7571010656126025
3.2692054933450274,34.711726966613334,5.127812114277888,1.0,1755.501495282994,2.8567981822289927,35.803527931811296,-117.68067037148555,1.6506034872060271
2.8420351654001004,5.001246632173322,5.7102772601058325,1.8510402472892322,1109.7196326245999,3.929483745099074,36.29865760380355,-119.6088422571736,1.4072511818626685
4.904907683218249,28.76934491429712,5.347509606809558,1.350513444029169,411.25439608319175,4.048755626510181,35.92766484933463,-117.19800876516096,2.6248453104674345
5.5016804694262325,37.175362252103085,6.064768644837098,1.3927744041652919,2298.3437903601434,2.3372709753073724,40.35041249666254,-122.91518742433584,2.854667590340636
13.814275355310333,9.533386504054079,8.83677755095054,2.204187965705215,5882.560364289439,1.3212858358715345,36.79532102366325,-114.38720757632613,5.0
7.926838679713274,40.81221758870341,6.2167128232862545,1.7623330609189514,1543.9603337069702,3.4705125842919236,37.47509615632454,-116.49845176205078,4.044156724288551
3.1704001385733362,30.772411806219694,3.2548226879738236,1.0,7459.615485913168,3.0923005821310725,41.83324989194721,-117.68825795990993,0.5487819705579637
2.614181893647316,49.56331107057733,8.542255996178376,2.7703422137889286,238.5140675289678,3.752155260544855,33.06980308581941,-120.83677942990519,1.2455821721127445
6.020386758793958,3.1635372085514764,9.547180023551602,2.285097537889511,345.7917154129063,2.7439239954993946,37.13559757801211,-122.3904451254327,3.810283747395105
2.0296433252877253,14.531633015328815,17.47589833743431,3.820114356899592,2579.1147728685646,2.529012525641697,39.8535862159881,-119.90657036171055,1.6526516867732814
13.448603336621654,31.679247844291027,3.160095936229136,1.0,1428.371424333874,6.7085927479633085,33.93603860278815,-117.38423259425942,5.0
9.094447590684847,16.124555522502465,5.458384163791028,1.2985117925551775,4079.7140394500116,1.6670546311974341,38.30955014884035,-117.66290256576889,4.4039037180932645
3.382092526903669,37.43563236763335,2.1536423364365382,1.0,1079.7970213640099,4.029249745855085,34.77491540557743,-120.17358844934428,1.696434041064251
1.6033886285972625,39.70926940861848,6.17963780750124,1.4258237459581453,460.36726701092357,2.3872910154044638,40.74033907563339,-117.8671360616687,0.15
10.097859033535306,6.228314167390197,3.977764112793498,1.1365745701209646,885.7252117910976,2.6265955839928234,35.607446821300755,-115.86251704432452,4.593113631689047
4.184035003849441,27.206577674545155,10.690743973913811,2.503551001781859,236.82371103955396,2.6462905501317575,35.62609676055864,-123.73715227662393,2.3709504690388687
9.418631360207536,26.95341833514385,3.633346091535336,1.2436344734907436,354.7485848564055,2.1784776133177712,38.18284184591999,-119.49378952069725,4.8071730433508675
1.7217537693981873,19.833319280992594,2.520171071696593,1.0,2899.9361483389357,3.7753371278132604,34.24384762713913,-116.41444771533209,0.7359193252336268
3.1279410801226555,48.579167991053275,4.102081401177894,1.277780254516527,2624.8720066607375,5.239664336597855,35.20644206957908,-118.53855529536622,1.0959236745882355
4.495811654094074,43.202822313534284,2.2474694435337375,1.0,1576.5659082544098,3.625548055121496,36.45800257613441,-117.4852391207093,2.316227566527851
4.609817905140293,36.55767847739148,6.688835423638897,1.534808528297809,196.15839665192937,3.1310011150763217,35.859559699831046,-118.83323607394658,2.1874056222062
3.4210951431542225,37.430658422484875,2.1683505894347435,1.0,766.3173848703899,2.0247045736505487,37.48633357105303,-114.08125455317689,1.3425260004022934
6.51241242263156,24.547523334469073,5.009735065061505,1.3220514375157955,322.14447058602343,3.694074710253281,38.19658136865518,-123.45378463510961,2.9092278394307476
2.3618087438376616,47.97072057592537,2.1573384698841878,1.0,3556.5037685198818,7.117381227863949,37.883340810626564,-119.08955178227623,1.334999619130082
4.114726258146914,36.424366789917556,4.357423220538612,1.0,611.7219605397293,2.5798265048286737,38.71459896392336,-123.08583450885482,2.4456869726953903
4.817125491127513,38.17803414444664,9.557739664326675,1.5723911548294873,370.27733881440116,2.5846925591563794,35.423620407774294,-122.40214437886429,2.79430956575832
6.102285056345018,44.94623609315461,5.721661049896769,1.8312950996450792,1129.8002940081888,2.400229475578817,33.70104915797277,-120.16961649581738,3.0669692703636513
6.8686592485008315,14.97765105645174,3.5064444891052164,1.0,578.1570491891237,2.470039904561334,39.72767164359523,-122.44459908499513,3.253779599858416
2.2823708401985114,42.16061609720185,4.8915958719378905,1.3879935125530314,4835.519801638808,1.0018819471749822,40.58241363499148,-114.36312834043349,1.0857190362533145
1.7852018633671127,10.957270750781094,4.98885661789548,1.2899967253521103,525.9410333024284,3.532529386162204,34.941559206113105,-114.53210223274841,1.1436064634107028
9.646605512819244,18.61243956448928,5.98377798374716,1.89433676874012,270.6351870630172,2.1420838768628148,36.36737358350119,-120.63890353779396,3.9003478088575574
5.470600588392565,18.116133167761976,2.8669726712739663,1.0,127.36875784806773,1.577584299198782,37.236407561153776,-117.60252287962321,2.6546265019652067
2.860247266938476,50.90479888784617,6.277845884017848,1.1046283740381422,1063.3860658467765,4.060377623054662,37.5666050061529,-118.66246679406214,1.360489421570342
11.366735886378228,44.68339841114427,1.6790755050910846,1.0,625.1989294051559,1.9487592460482768,38.76515662533269,-115.84413019484231,5.0
4.803788034700101,36.759662941103244,3.8498961698060326,1.3061763360210215,262.72172534680965,2.6235605361293612,32.89523071687555,-117.72554390183058,2.028362854674777
9.093667666165228,38.079894842384896,4.074265410249975,1.0,3601.9349323303304,5.400961301242768,39.35403228597316,-123.99747545509437,4.1985295088905445
4.666974900373925,29.665712514531126,6.381037683376596,1.374401624907989,2137.1856965069346,1.7096927581762469,33.0887245663044,-116.36825614390261,1.6847478371949427
15.0,49.301624022534476,4.998072514798665,1.356166323479231,1066.1210152836975,1.6273626627956033,36.948741392892245,-116.53151878703882,5.0
12.84821004418089,26.309196397000438,2.822928379100998,1.0,4291.219529653988,3.3458557010405685,40.36287578790734,-118.9027729443352,5.0
3.8598237079281374,20.406403203364622,3.3401066902704915,1.0601016542921557,2127.145105057292,4.757845527963429,36.78654547614477,-114.97081026766946,2.0412663813022958
8.028057317222663,9.31480218351114,5.362723725833227,1.8721092744664174,481.61454670060505,1.6004155478115203,33.91635261329835,-114.91553794309598,3.4163594193970583
6.601029156974839,41.09648826531396,4.798834439170262,1.0,387.91251446227585,3.5362820071015775,41.85782152755662,-118.76088323295603,2.5703918088242053
10.187677834067488,38.456640535855165,3.928864120121767,1.0,2484.884713393312,3.7901280923789455,40.948211889705505,-117.92011768803462,4.568830318699835
2.5119162891103533,20.60210696473088,4.086408570575589,1.1110681439285182,1630.0516109635312,1.3182904802490079,39.827479515637634,-114.03477928075327,0.9765419644305114
6.7641112346425265,2.2848641119206974,6.5434673372218235,2.0554031262782395,1299.5167817072652,4.134641125225901,36.4093602275425,-121.01179765188583,3.4059191551781227
8.457509053225996,43.78886371361855,4.026602510353155,1.0,470.36180532787023,4.265853814737745,34.24653440544833,-120.75382757688523,3.271308397971943
1.5601099634155535,1.5823171561577554,4.781543978435371,1.0,2014.1399652299701,2.6519249451498714,41.44340622347576,-122.17226097336504,0.3380724405650021
2.2034953442311576,36.888688761081596,11.798526316405745,3.626809883335571,515.1721501102676,4.957683249974642,37.55733570191282,-115.04133060842132,2.0977141132754067
1.3184551276369971,50.48311259602891,2.8025422319817164,1.0,990.3053653401723,4.733108759937562,40.59737687368111,-116.55511610050733,0.6806704565438604
3.8127697721305656,23.32072773555838,2.361419467176737,1.0,4660.808203862596,3.1306704105369074,35.749902554714545,-122.94357151129758,1.8246479947853846
6.893130620651612,12.98364365479359,6.776331412572608,1.7019558966501578,566.3236667775211,2.507840047618023,35.68523901225497,-114.18232648802035,3.9758915574127593
11.038776729887969,36.94842151221247,3.775537571021883,1.0,227.46826699532713,2.0357592455866835,41.86263456640337,-116.69038291838883,4.050749012243449
4.685426132129143,42.67353524279484,4.361015699812829,1.2896527825509017,382.777089550976,2.9593646388355537,37.457413960701075,-115.49477890395025,2.14652079217694
11.907510402990688,28.867946119970213,3.623851638531099,1.0,2964.011382587013,3.773124989862059,33.83660652667709,-123.51849210826799,5.0
1.9580305077627274,50.31879903806345,4.464154986583274,1.2166468224836218,1414.782569840531,2.638813160301471,34.58690944094972,-118.95039081057833,1.3314542301635537
1.6127979638283747,3.635104804556016,9.387840094147398,2.5072581869631945,964.0301994124973,1.2473229290094123,37.07847065423085,-117.0140171327296,1.3963714639172862
4.334782260280517,26.744575513530936,6.826768193226331,1.7717048645922757,659.1203840568759,4.990247750005437,32.903473649639906,-118.57053415428159,1.684863799216994
5.6431322191640145,37.64115131345005,6.992858435372116,1.9446905651387036,1781.76532520271,3.2416721382855,36.89407286109385,-117.33352534300722,3.2120095738627343
4.394629165573868,44.99466402860813,2.81091253922792,1.0,469.13714653279334,2.5809310381313044,36.47993799976121,-115.82125936409527,2.0762083418304607
1.2963268172920634,10.142036207297293,3.1253257113181525,1.0,1488.7104711947186,4.2327984878812766,39.903694520535126,-120.25662937039803,0.8876874227015038
4.248338546603832,41.80017756994775,1.5910092069052748,1.0,527.81478236379,5.528162260943453,35.871948662647796,-115.5133132438129,1.7009007627630999
2.0489312171267384,29.18806086164581,3.583169240710407,1.0,446.9025736086685,1.0,41.83421323462619,-122.3708389523471,0.6498868349148551
6.697963528993711,21.224237781488124,7.262188825798983,1.8158346954781057,579.7010648109238,3.5740716352276096,34.21731423335858,-121.29113944973625,3.061094325641293
5.584299211009962,7.717466457533772,6.090794946556139,1.937412133562509,753.3971809769247,1.6978119191990817,38.11437350719728,-123.56654380072675,3.069339003180732
2.5499458616095,45.13008370435453,4.53304860698697,1.3157566525366426,1044.3710989707251,3.6679913740675563,33.35214332157842,-120.35573188664749,1.013108029509621
3.2926076499244354,9.020933617165483,4.909047280951254,1.511044618666327,1387.7732943298097,3.1618929433303515,39.47170784794283,-120.2009045517588,1.5435497001999565
2.373752145211709,16.79918081966406,3.760100865488691,1.0,27.42992878144512,3.874011798639112,41.95016003658873,-115.94729402792748,0.909538365346603
4.316274049840941,15.79232213008428,5.375779318331067,1.2414327408375718,488.99361995024054,2.4603434504473665,40.281817058640506,-117.46869329710344,2.152338309994662
7.949312065660392,45.44211574373357,6.728493780128943,1.5390512912667955,741.318251758115,1.4200668603700244,37.77918363684286,-119.63277441844333,4.251489828281685
2.480758529791875,35.3078527046538,2.595152508525902,1.0,4939.710664899714,2.508920857635872,37.105042895297075,-117.47886021376252,1.3206529595775967
6.064353304817778,41.630751256759986,5.583741520807052,1.0,372.41074248538865,3.5350910440629804,40.432784632035045,-123.4721664948431,2.7128084179304803
3.2603854643161845,13.773862838417449,7.192033451598439,1.9287826790800184,1290.514968520485,4.509367642915553,41.39175380475188,-122.19728463981625,1.2808625871028192
2.785079171053722,32.868579079956945,4.195279163446842,1.4592999025347015,4890.404553068789,1.8799919215993253,41.89746199508188,-117.73052144758245,0.9927643742858676
4.2029295078931606,30.159045140331184,6.555341705537573,1.202026400347233,295.01655400975665,4.53046313125466,36.2671226618626,-117.58633180774697,2.301402733357414
2.4081398585385263,43.47434921620182,15.269567232320652,2.4330064840842462,1626.1576251799413,2.3183392391422326,41.913716010547866,-116.25865341292572,1.3624156522812487
3.2149455354746177,47.21044008454429,4.750561790823167,1.4532269531052548,491.63086773351876,3.4728651768529195,33.9812993956514,-119.97000240946397,1.5806853607661715
2.1842516256300306,1.619995345346727,5.7968972644157235,1.1623776158984325,662.0666679309603,2.4498882685757373,34.908722871353135,-116.77445903383844,0.6806060203596433
14.568112717779774,35.37501587199843,3.686867444716904,1.1647874640408875,491.2185624125226,3.2312473885378883,33.345653184972015,-117.16019667439811,5.0
4.577523499189885,3.64362575510618,5.325467307600015,1.5485784375226483,527.496743348431,4.291992399130781,35.081515906602576,-114.3660662163015,2.238645419439973
2.94516456560491,28.991791918945154,5.954270242708412,2.0192996966019447,16679.10717675159,1.8389492874465985,39.79540674037111,-121.8486977357532,1.6287215310205274
5.095653627329664,15.669269181227587,5.35449789701659,1.24109468933087,2551.5489167237356,2.2888228390134775,40.60278140269527,-118.4832043624736,2.274998698858859
4.189591227834597,16.645606575629202,3.2940633783588726,1.0,3300.198383257181,3.2348580092093706,39.89948012847443,-117.98235557889531,1.3249465033808363
3.925203669788421,19.000883676070185,5.379227134356351,1.3069959602506567,1793.6240963144235,7.850941527508718,38.49512489259311,-114.0135211506578,1.8174782580265392
6.4785713801131575,32.68591490153011,8.889567298326195,2.454567227206558,220.02544782573582,2.1270246284951493,37.382681868965136,-121.98815857833348,3.3224235001722633
7.0604206086626755,18.03654824910723,5.926621413113277,1.4219137126985433,1627.7565080933728,6.794092974218749,39.232690747529645,-118.76781980032708,3.5381460523720873
3.259909099606856,38.3676515801043,7.277554428561231,1.3661894523507805,3206.481838173878,6.697734410128517,36.21291871803861,-120.53814692286362,1.186101817219122
3.172465530996283,21.630896664267354,4.505032980931314,1.1333738691447015,467.12669947635817,2.889477065966743,40.49242933924717,-118.74107031421,1.4299329142423627
3.799878078867291,4.48601321580789,6.685627652129305,1.7096275785411659,2879.369619809179,2.6664259748851737,38.93330589277946,-121.67871397896894,2.0473831814632795
1.126197936037977,40.97175196668947,5.538408224003581,1.7286522375231421,2217.944643722069,2.2777176719466694,39.12914463569688,-123.52387621572512,0.5379835672313948
1.8055863066698419,15.573674554228006,3.3859540333783706,1.005980965089772,6988.631558973028,2.9233171677859753,37.591391934726175,-118.27434546102312,0.9246869712995169
10.176941871756684,23.071110859562395,5.626054526622935,1.5908137531154702,722.1385279723203,1.7114008180055142,40.90967535000614,-120.64145684139167,4.3801660530843884
12.024913565920706,35.95763804431698,3.331162474860839,1.0,365.91059138459184,2.9139349756860535,34.894139969951,-122.18058598251567,5.0
3.8596572193881333,17.955264014584312,3.8452856444649073,1.130987942201083,763.8503481749193,5.467120765327261,36.12090270692998,-120.76064433921967,1.760064156959559
6.334014123043298,3.8858684634824967,5.34270096034516,1.3360013119159542,4608.100413044658,2.3527055763880926,39.88760441193804,-123.50719798552255,2.652798140107558
5.401896484387299,20.06997339765349,5.578376082256203,1.8342811058126234,176.19549033429098,2.728386144144864,37.18111451322871,-114.49557765909897,2.9086801480618694
15.0,49.16687771740948,3.0780830411046343,1.0280002806361555,138.60446268874867,1.5212674107655748,40.94753312752981,-118.1885208502674,5.0
8.773580122527019,33.72845426222647,7.550352934601176,1.2158432853327337,1199.182410435157,3.4890337494269357,35.7907935377471,-115.85231318652976,4.055498429867159
4.150585651425992,35.24543658202755,6.226426117668043,1.955896726577203,704.4453159348969,3.3394050887413202,36.00863660378663,-119.7688180245227,2.7159872925777004
2.5260977876758623,33.24638983551963,3.7363478579269644,1.0,1105.1406524932138,3.0816986167366665,40.94298999917294,-114.96685332433815,1.338710775040401
1.7093825233472886,11.148599086931277,2.6777210583856603,1.0,2822.3122400314196,2.754591566557229,36.91151804172939,-119.16681778447747,0.30217435828392203
5.063602474783444,22.335027069216288,4.674107186569069,1.2080697206507036,631.078748248946,2.6721859157216428,37.403183549923625,-118.26054677799331,2.289455886681592
2.8467829089642187,39.29792971652923,4.143838426511116,1.0,168.50984393570332,3.672086736315658,35.66125529568895,-119.08206019937343,1.5846261975569242
1.9091302545548223,6.170017775211116,5.182337362711602,1.5508805954436342,8471.658330441069,2.9697368891084523,35.12836445070128,-116.66721704132348,1.0183700994879887
3.040604272319307,15.170491580575325,4.283426766122618,1.0,404.5485332287075,3.407533611860206,38.731512752964726,-118.33343922397938,1.0627233261459983
2.342154419370555,15.092274531758534,2.2189125991979592,1.0,380.30093670047137,3.273936642272687,33.63848628464144,-121.28401076419603,1.2752237251580139
12.333078739792688,23.032965307319806,4.240415351389873,1.128626261378331,3306.746365276763,4.708507198691423,40.85309009123764,-122.54460468677354,5.0
7.606353266314964,50.99880578805144,4.383082989103761,1.2837064425241567,746.5860480264383,3.938490936690038,39.902429799268525,-117.93875611117022,3.698573152781891
4.460301725539761,4.442629880874919,6.3818907542009295,2.1272668415270104,1029.2752038777305,3.245095362553762,34.312108505205124,-119.10820038452964,2.5167924948085325
10.891323720622905,27.453750713410347,3.746118098758367,1.0904924700989003,1777.1924522450768,5.51443286411082,39.09318948533337,-123.04024303303888,5.0
4.694637897667886,10.147598782622733,9.693638730021076,2.756442919936734,3240.8246665405577,3.5541197074536224,38.22501275221353,-120.04382534206732,2.6091946235746333
2.673074957440628,50.50450381589695,2.305606532871928,1.0,785.671924797874,5.063131044937146,34.25308298199812,-118.85223577999547,1.7075822587131253
11.177182756155258,6.778478741100674,8.368435915523417,1.2574151138703726,5013.813117643879,3.8296638945693404,35.09543330747721,-115.7310676617441,5.0
6.192544238321684,21.583651120441154,4.527964096488729,1.0,129.56726294357264,1.437969959240613,36.38537178547143,-123.23898944166638,2.782111098693325
2.4052462938611,38.632134226564915,6.985481675863139,1.7946464468080054,2344.4057492982715,5.062871970196011,39.142805984832,-120.51504651753997,1.5356918164081814
3.998010223185435,36.93227582939971,5.11368660708547,1.4575335221199706,473.6517949762387,3.1710745224859718,38.567872383761554,-115.77343877289614,1.85154298893608
2.65018393750648,22.559160481590546,7.813259406809982,1.824315257223641,4325.44937891591,2.942377981431639,37.55623105292863,-117.51576068228421,1.6868171505154799
1.954863092202876,18.67273256558863,4.242086359669398,1.2562336475706701,1264.009990851895,3.3620111080979775,39.79990015958332,-121.10041678196214,1.0626212572638676
7.812355575213594,21.2782313061964,3.191694062551705,1.0,559.5286136951565,2.6169427188650993,39.70040852625858,-115.54664877977358,3.126330374656093
14.092602076694513,14.478089421090603,8.742548302035313,1.4410800398741956,2127.7941101287365,3.2897499016610356,38.36966196359143,-119.06706419437307,5.0
1.9364559175042195,11.47197987404679,4.733229512156673,1.0,2678.971810806529,2.370852448677156,39.97640579215584,-119.0164810868954,0.9743816137945802
6.282585138370264,25.63502457550339,5.41202532357111,1.7210221297258579,2083.6868399809696,5.00135513890521,35.675502060402486,-114.23412660799616,2.9034258366500967
3.0331887489182994,14.695221559447972,8.116514113381442,2.39423002479669,391.62461272010785,2.8707254117796492,40.87187051906476,-114.52883496763621,1.5289235630088915
3.345863376162124,15.660544909759755,3.277948938469146,1.0782891618724022,675.8579199595385,2.5778776984409264,38.34164581511844,-120.41467316630155,1.8681835247400638
3.1410704374012037,34.49455923720241,6.285191802356402,1.0905527420499563,1092.1758333332778,2.075142183932648,40.31245338121809,-122.59420871336917,1.5491158623222205
2.6687375641805526,50.395403916694505,3.911973966674394,1.3615410503268597,1052.3071805021175,3.3451459190377637,37.6896514955077,-120.74333267721906,1.5343789212704737
4.614082208441105,31.78549722852813,4.697978255383304,1.0,2320.981592602429,3.2376340774426895,34.57516332739246,-123.69516739688612,2.62843680734314
2.7221715619717775,4.92595282031328,5.098322612665928,1.0,146.2180158999202,3.5091359724189375,37.65289622244393,-123.79232113289609,1.5715511575202847
5.2712846290069395,4.854764306557415,2.7180406063869222,1.0,1531.996482919582,1.9919204925711465,36.02556080587759,-120.0447786374858,2.5085618885787375
4.348613829055712,49.52258426312386,3.627215169347374,1.0,820.585939595117,1.5833257192551147,39.126240842352395,-114.58980177302766,1.8649238014571523
3.883089780388121,16.161830305674016,8.503086004552237,2.411508272168475,474.13845756864777,3.8583380007559547,37.02004102147999,-115.28642658767792,2.330775032858488
2.599870933347379,5.695416290206247,7.060221856422881,1.308516545701617,521.9194273485167,5.440422616737212,40.44307164681303,-118.88557166082377,1.3161956478590193
3.170651862663975,31.55127394466946,4.830471920837627,1.2851263146170009,884.8891080176409,1.9926363302421646,38.94168886705821,-118.34773618829169,2.0182116923810067
7.051460337858896,32.80608769280357,5.45891134986544,1.8058460721262646,29.931603503071322,5.673331511896123,39.003172113797575,-123.94066503253944,3.3851810226527377
6.052977577702249,34.0737458260531,4.403074283515452,1.0,543.8700987117414,3.3654592205708016,34.562975668165116,-121.84498844166234,2.3234598665078146
2.4929502616047428,14.637503420734607,8.521849155573127,2.4206380292905996,456.7723722065528,2.995690746445993,41.85037278166726,-123.75225873065617,0.5283366109194063
4.756915163502256,1.7706448949382267,4.571580414580801,1.0,1868.2981389066472,2.5624927658604397,40.495914488079144,-116.45460467304612,2.2864707369108865
7.034539809670227,50.21578384217806,5.434333254886187,1.4942192707843365,490.0332850590096,1.7266667091888026,39.9955464033266,-122.54354203973502,3.1853314988651764
1.646014368115714,13.795545330246227,7.833520749444749,1.7021462748408025,884.3794386874138,4.459744183243739,35.63704463902026,-115.30952897523183,1.1801623564116008
6.209100978068783,35.477340690679924,3.6293421503759693,1.0,5127.003362685564,2.2028620692114043,37.588500702048705,-117.56675686324212,3.016039047227291
3.01146220931768,37.03812336381419,9.239757805635518,1.964708930360098,2964.167569732557,2.1991640913950268,33.80248028670612,-121.70581323484286,1.582798212701461
6.311410597889296,32.11037827105377,2.68536171572327,1.0,2703.415898454845,4.467238908627852,37.61552177829571,-122.42279682916751,2.942541714711087
2.83500728282604,16.95827710489606,9.505369528360369,3.140414606969974,665.2264903017024,1.414543156447685,33.88594784159123,-117.72375299076947,1.2647273279781572
1.517509857180544,14.825908941967354,4.2670800591153935,1.0,1887.544919573716,1.6332320033076209,37.75385951790121,-114.99163019717676,0.869404006159597
1.6878820822894658,31.481082417837857,4.4947969786786075,1.0,867.9223043586155,2.9824535556990055,38.6628578614716,-116.81639781085619,0.7895763194296497
4.612873436797984,45.17087731419627,2.3256415385272056,1.0,901.3618527177762,3.3781011834801493,36.20686168887407,-120.51453348396622,2.140534801416838
5.237443517976573,49.28342017509318,4.129193514847192,1.0,1651.9064823746721,3.6469596912484232,37.23617634414729,-118.12616404731352,2.5399605588974223
2.6049409967201465,6.4011960245916395,3.2676706368114283,1.0,603.657154381871,2.662540128453256,40.81870718290857,-120.89238304627578,0.9424901236644952
6.5742169457399715,8.896259242483712,3.884294851152376,1.3371451282875544,4880.500740997511,8.265976453234275,33.53134987467669,-114.0085043322134,3.057114834474006
1.653820329184757,49.18154919793706,4.6883261152312325,1.1139778436938468,934.3675286019976,2.74242612716765,40.021462483496705,-116.51160811538149,0.8456106485119707
4.307476013286372,38.56329664507442,7.2653512622831276,2.340944709213719,2035.222780352823,2.7392537770326575,34.122168234463864,-117.85618360243247,2.464230386832571
2.1671008926424955,46.03268506631843,5.381899294333489,1.4163685094060023,4701.328838144807,2.1841032501490054,32.84872583664397,-119.76740857234171,1.4019016723446933
3.0310173896335337,11.334264340902502,5.601703015167672,1.0164129521252032,3076.825844430608,3.1568122178568108,34.262958726077954,-117.81847709740443,1.7020366260645916
4.610974407016531,30.966879426579496,3.1956555426822906,1.0,268.02517088399577,3.841967068331887,39.76791030471965,-120.58383937532665,2.2736359876002226
2.674472008402795,36.758119315291154,3.4823186970183566,1.0,1711.1071480871997,4.861909304706299,36.34869769670017,-123.7113516054197,1.491738301089497
3.5582422518959573,35.68570615779561,10.170486109955444,2.848969838049701,2567.580755969233,1.6558033422378993,40.78894491003873,-120.04911477643367,2.090062741670128
8.197061083105737,21.815736234201605,3.691081801021322,1.2104440735814026,2675.4236541166138,2.722639637428028,37.48472164123152,-114.69519180420133,3.8825983919534863
3.170422558719125,1.7851394762567323,9.606916432868267,2.28728108781801,360.21647345498195,3.5919004810089157,32.71137834330015,-117.73698905226134,1.7546500396956506
7.399520991518298,30.72922889701742,4.494145368351294,1.4841264535415153,568.4792215865307,3.7993234592326104,39.3087792912183,-123.16044296929098,3.6509413506885644
2.27544556780314,13.908178498160046,4.957567387981504,1.4879335530714162,2964.7803737131285,3.012045641736524,33.54721263285171,-115.15006386604975,0.877639528900151
6.158803408130238,23.96296655328741,7.599983407695731,1.8826753770725768,511.95648403961866,3.7320944388120125,39.99910651788828,-121.31125150658485,3.2321180528513302
10.643412672613566,49.83663176927468,8.237994832811463,2.229567392239279,812.6527880334326,2.1736644779739454,34.09697422314921,-121.56230506917272,5.0
1.0171588503703055,21.35080119976417,4.7382836732707885,1.019281703898587,5302.193116423083,5.602215659243957,35.78174066515238,-121.02909031219679,0.5677356296722651
2.7783656154844985,43.829881939885766,4.240591560896656,1.470295615853095,1045.447967540308,4.46849311562178,39.73207858144092,-118.22797763874043,1.2170936120607707
6.335972259761445,10.615570893211808,4.8434720080743325,1.3729801367692385,530.1849257329096,1.7542280194267315,41.56519789602601,-118.55311906566024,2.707889115553787
3.967645193143699,35.29548539927647,5.669965376552282,1.0,455.9497668990053,1.954156770105833,36.02862253114396,-119.08586245377118,2.410791297453931
5.599557204684384,50.827354676386115,7.07467477834668,1.5233499684821947,1529.5354327985904,1.9763096647096599,40.37930209188989,-116.82463136487372,2.9987794438226216
3.1193008431335394,6.1965481445197765,4.961419769351023,1.3627178762374588,289.1229388268918,3.940028624396129,34.31252652202047,-120.8346226866504,1.562368004495043
4.720684793694521,1.4243170535867926,6.344285707691235,1.0231217379955087,856.3370392624138,1.7969825433647597,40.16820781692367,-116.17935478427569,2.3779420399148603
4.082026918336074,23.112722424263332,9.53857299379306,1.4763501695280314,1530.3175394702685,2.631595368617188,38.74619356293439,-122.24678321621401,2.632557996014339
9.031055393860433,5.723899635619727,5.769144743897949,1.384622706804391,4020.452834019985,3.603414105058545,34.3310633185175,-116.17379210922991,4.078218392265563
5.220809706122602,39.1676018334878,5.610619506488801,1.2149125283335118,2137.833218527839,2.9256995842283735,35.37378762333841,-117.36189894749717,2.284947235046633
5.487987415051026,47.64198185627651,2.6977974206630626,1.0,536.9660559651646,3.3319409640819813,33.751823441671846,-117.16791690452413,2.8680470197465935
3.5003880029140495,23.1350696081467,1.7292848564455026,1.0,3563.217891088103,1.96144003549412,36.138186605110974,-119.1844660287274,1.4820095515307967
3.3448982198092567,14.194293749927489,5.785473990520587,1.0584151467212415,812.7999070386916,3.8111910405655527,34.43466209067113,-117.32998467319135,1.4309319584955427
3.4572210005205393,23.1545692693371,4.7686836740015455,1.3725638861959826,318.7149016536228,2.3507049056063516,38.617980559489496,-123.20202953440543,1.2182853175277273
5.678410121852891,37.89583871035005,4.031292039997592,1.0195710950042505,923.304092033992,2.6383458010073606,41.94779849009531,-115.48448882950633,2.4962994701117327
3.4813122690294738,1.46176224059892,5.459799577549359,1.0375303122372073,4620.0887837160935,3.3038639953034035,32.61408704930051,-123.44452766512354,0.8728152170396519
5.3327385961825975,31.062153463719557,4.834793933867619,1.0342488939621572,1293.6721096048448,3.1306206906431653,37.638738226229336,-122.51258490128502,2.4364932467445324
15.0,32.27787592925633,7.776544596419662,2.086925806754482,1110.4513844794621,3.033120651802755,37.949832676715594,-118.23210291502764,5.0
7.558515602667794,33.52210059169271,5.126608591573222,1.0,5637.588288969538,2.2249829912551955,41.184983501967714,-116.60588544543309,3.525897677239672
3.6854251079074154,13.343126079024739,3.6738151994314916,1.0,262.07878192860056,2.664936514866381,37.307050680285904,-123.23748435653746,1.635494436928285
9.214039498518348,37.41668889228446,7.360048302682473,1.2118254822402805,303.20249600695,3.0067911179669244,37.66516348662672,-114.7923518587768,4.52013896298314
3.5083813462094917,5.660965802920597,4.541001443610036,1.418897052646359,217.92555835410027,1.733193926617079,36.98070161261969,-114.26392351199301,1.5131296330039405
1.3193316450904435,11.162787159806841,6.1142045167222365,1.837207463934012,1591.843705233187,2.4967423283318064,35.05459089333407,-117.94049826992288,0.6150564498025726
2.447698544423811,45.75097237937858,4.092007649729031,1.2303136034372997,1295.2941965235689,3.508090778052564,33.03227676586468,-119.18756544623163,1.1356855475927223
1.4586696874706082,38.67488068705489,3.819307967249348,1.1200696133835262,5129.360991161524,1.8022310299034585,36.38224798099344,-116.5860502772025,0.7135477325284145
3.629489154462105,1.7010232545786077,5.122626480918826,1.4541962715842918,1398.9469823619581,4.771366112455352,32.999618976786444,-120.71642647672795,1.410391978267322
4.5314910140490845,13.66718927885981,4.978514022320822,1.2217192911969055,732.0456244632638,4.9920433006600655,37.72967845992622,-119.06735565894894,1.7973623326166617
12.254122210507562,11.934730632651393,6.0010281575943445,1.6710200924819878,1098.6032430385749,1.8256567213426236,35.41928961080178,-114.83848973185599,5.0
5.452948242085003,14.811122729885602,4.448387623294188,1.0,1233.6190168947533,5.170905680816881,37.56922281449157,-114.44344574758466,2.7831738970160673
3.9296080289042443,13.625548284274206,2.3760895412268375,1.0,206.07470046454668,2.8364899778992267,33.77582116175427,-114.72930883948816,1.907544116068766
7.371663172924411,4.188841082885133,4.165725485166803,1.2729438192346296,16487.068813150836,3.551627054369117,41.359984674523915,-121.3755193303616,3.319193660406479
1.1892451933763828,24.405966346437836,6.804113711602081,1.7015160928615451,1844.3293936053028,2.462900152029302,40.997951813724384,-121.67530959783237,0.3042450675642563
5.162230403623549,38.36940721409442,4.397558797928398,1.0,1352.9035072804652,4.345835068329082,34.3049668374217,-121.02335494070685,2.3282200375568625
7.117233640818044,31.94331796058926,4.488177148328818,1.0,2028.7274109069997,3.5340255637831546,35.7627206912931,-119.5868888761154,2.8482989078896797
1.8456808845550485,35.31645509850207,7.3488997075265,2.0471125158156873,2229.2288123537137,2.1691571833998036,38.32818133259381,-120.85832587208037,2.125870198433412
8.901790407819464,5.1386081053481965,3.725535906857906,1.0750415343906703,952.8395386440833,1.8849837496997677,33.40901896940611,-120.25787204260942,3.8548407497695316
5.490931122425716,49.526026219016146,2.67213749671755,1.0,583.3333832140809,1.6751103202036357,35.868394300603434,-117.79363047879241,2.996527262346658
3.493231544095003,43.76308352599427,4.644796460206579,1.014733895915562,1997.0985601851564,3.238715208494473,34.88556672478056,-116.37474322906024,1.4019655480182138
6.551336795004048,42.0596062432788,4.08095250999289,1.2404237224885781,1612.7738126216277,3.7772210402150894,41.19740892280862,-116.64441801732083,3.146171273390599
15.0,42.97217405713014,3.36524736688349,1.0,487.89972389200386,3.8976985809765896,40.59885104474745,-115.85576432920848,5.0
4.998409456041656,48.56823591477083,4.617477764709771,1.5079172378225527,4532.530226156937,2.865685424329932,38.008411042035206,-123.67815596784598,2.4833002686348613
5.201423571028115,28.756952271798582,6.02912720957304,1.5408183501694037,1470.4915863067672,1.8911808413041666,37.443290200279954,-123.52266210321244,2.3567401599670372
3.4020679260381415,11.21438291124892,4.934663950217669,1.2510654432832113,2275.1911782901975,2.286838007807256,41.34189504818127,-116.1061703931137,1.3219853397630736
2.6914857870395332,32.4559640004796,5.60014465733533,1.4872607486458678,4411.283140480189,4.763294047003903,41.35806393829874,-118.66921177675368,0.4191698588950702
7.375778750404904,38.88695617706489,10.230393856879736,3.067717319754924,1120.9018025630924,2.4747727513281594,41.70863619084078,-118.2185932623788,3.3951788012629134
2.6814285792357535,38.633787061055294,4.318242347142457,1.480889807583807,1505.6078865838124,3.18154539581712,33.691099399027785,-123.47413139785623,1.4892806882723053
4.678323140125804,27.593900232510887,5.536372228476629,1.0,2465.1975826705075,1.9537289070703403,34.02529920225012,-121.4468619882873,2.2129522702458373
3.3649245200074187,4.49139468601248,4.040282660356408,1.0,531.2001689416658,3.437117617238246,38.928998637458925,-117.61645695114522,1.5103585919443392
5.973827805838204,19.92675985993652,3.530558635281384,1.1915990832410983,1157.5392131593014,2.5015891134779413,37.64362752779353,-115.40818109889324,3.014092765982814
5.475027306464179,47.959097031631224,3.9197855224032847,1.0033675894766223,1243.3300542715274,4.566217060939952,32.675426096485744,-114.83016602818597,2.5326346973280267
8.352191558778273,30.806894397628728,4.089802054256946,1.1164366305674707,421.5512873937118,4.0935930571537735,33.08876284190043,-118.99580504164918,3.1839896204096014
3.300223391869427,28.454929106041384,5.718979149053965,1.4096409760644488,11132.641956734145,2.463831408289712,40.936763631458646,-118.54525767261802,1.4089414488246643
3.8116990660371344,14.71152923349187,12.674984348958398,2.13866900153637,268.46124282451564,2.85574966710243,40.75427255762417,-115.66950368931009,2.7680371842652836
2.491143321941096,19.790894915745525,3.719475357800515,1.1292992067933862,299.43461992501193,2.4098234895838564,35.89407375896243,-118.62375399252646,0.8917160515730822
3.432964054888828,46.66265054681163,4.1927207956031145,1.2554889810304821,4081.5274637392627,1.7027195725426332,40.96498086084008,-118.83141474462683,1.4714584517506522
5.620273318043708,34.98961542386862,4.829537921954152,1.0255072906028433,2237.8396797300024,2.131920098140158,38.139913206780065,-114.94915962239047,3.3678967861339024
7.05822194042292,41.15673836436898,5.80267802527289,1.2258032515435322,393.0886592645225,3.2520544369934083,40.15610364667957,-116.1006727894412,3.6608692359450368
2.5771929570660044,24.17161657645041,5.5036985219833285,1.7478000522467338,2012.8139861817585,3.4215846759240405,36.560595176022034,-114.90927473638706,1.2602560826227067
7.5516308915794115,33.142608192264056,8.278305664607089,1.361544949018155,4759.27414474266,3.1880809778514045,33.577284109776635,-121.81752945218847,3.632413491394609
10.10856126993431,13.667564045903584,1.8765653637484985,1.0,1063.942835477183,2.6626098234168674,36.62040709513715,-118.75624513344643,4.622902685742743
5.743454978780471,36.9785023444578,1.906421742843491,1.0,14747.412167062004,4.363291231884506,36.84434808097053,-115.57527871406643,2.3547982089428436
13.819456458968286,22.807668018870203,4.061891416220666,1.0910116438046633,195.5738757522387,3.0815008332506992,37.73396984148573,-122.88852172532891,5.0
2.817152098566068,23.569821255552025,7.682308400800696,2.5904654490092858,2194.7500659583493,3.9800784543025305,33.503035772592064,-116.05337845706038,1.2804207179812523
2.1238005118901073,34.115438553420965,2.6478309286991024,1.0,3521.0986494711383,1.4777046136696432,41.91831769897131,-122.1702661658513,0.6704877614770951
1.541518316694874,48.75031169491526,1.487277197643893,1.0,2674.0351471355248,1.0,34.81929979766561,-115.91881245014679,0.5379336643517433
10.997044852067607,4.264323677039667,6.2243670750306865,1.7920378666582426,893.9450190644,3.365293602457623,34.38624783360238,-117.87999062443131,4.674628896844328
6.6367301427343515,43.06190510469739,5.460076985037259,1.1946426068700886,820.2084522298874,1.6990915714685517,37.5046277291314,-122.06764008515133,3.3221550615041497
4.334686101969248,15.911538631021848,3.2024515865448975,1.0,1709.8230610746803,2.7594167057975247,37.60347770425144,-119.26645820667198,2.6010253021008127
5.301454282225072,23.639892179825267,3.339376656269398,1.1665666728462365,2479.3568891825503,2.6622221894213247,36.67829700941582,-117.18094833539229,2.5713868337070873
2.281211294980806,2.1175797675254566,3.3605428120958742,1.0086939647709883,2003.1444227413608,5.6687024171935105,39.83297539008992,-117.66147099116458,0.844039490057398
15.0,16.353349969549967,5.176939890563379,1.444076297414717,3102.792808266112,3.5254166264380626,37.40821680692173,-119.72752803768296,5.0
4.842991988541894,26.634193374136654,3.855396632484773,1.0,395.88748533210764,3.210233290660849,38.29210682387735,-115.00633471079072,2.3150709141657493
4.7857218805877615,3.8649799447193898,6.035300025658236,1.0,873.2562325729057,4.1987903078118265,39.37559066137396,-118.80736585512156,2.8437555796573046
6.927229670561799,26.045882198541424,1.5811451054803896,1.0,428.3686119831812,3.481276492560069,32.73773846485673,-118.94132701471311,2.8508405819092606
5.981106229362401,48.28264207177979,3.5157724311917136,1.0,745.3748333867833,2.501596686991054,37.92111973417793,-123.37749410058545,3.152844523437836
5.1260245363015455,6.375054123498066,3.1568617455579284,1.0,3026.677892252367,4.611671497533196,40.89984747666951,-114.77879610202363,1.8567382755425386
2.789089857693442,39.98647713185072,4.470336693193811,1.1510036866190618,1221.68205374391,1.9272612406942298,32.66519305779162,-122.22883431321627,1.3191729468171682
5.946965052896998,21.893223722175623,3.993950720775636,1.2707034369340697,14866.403734296366,3.4188316674780697,36.34922998610913,-118.71655306563446,2.8073030691160685
13.862879078136274,34.41385944074124,6.815078010455345,1.0678225876981762,1330.628102411655,1.6176461233856863,41.29916077695538,-115.9643239859969,5.0
10.046778417996578,14.272066497246698,2.354351437231099,1.0,1164.0864328725224,3.259512169769955,35.85496682168411,-121.84546723044356,4.440598725485532
11.657059661214232,9.134105389609273,5.0439857377552055,1.0,1219.4837829337112,3.2452612542810693,36.85792382990229,-118.7262671002916,5.0
3.297849515706127,9.183593327832549,6.192473291206313,1.4828161755192568,579.51486109732,5.874271103041877,41.82464323392097,-121.59315090776659,1.3461746959613006
2.47499186177827,4.595089227800377,10.408876738303737,1.7120029018496858,1035.006915813345,1.606423762218062,34.39357666003045,-116.40305002200088,1.640133957947683
4.155895164988877,10.467981949963393,4.084885144693566,1.392236405451187,3387.298659500201,2.362322226845651,33.11992429668756,-118.35658832126849,1.6812115022001306
4.63406729248488,34.87518863443738,5.639432510495007,1.0977216299610821,1229.01789260262,4.174827210040264,40.66451461318239,-115.44024139604856,2.2135416211522996
8.640970570733709,45.96622120401891,2.4071774606285934,1.0,495.9823146375361,3.4353777913724155,40.7504207415175,-115.05441997122617,3.794693174205632
1.6233975759834143,42.520409965149256,1.902592668315671,1.0,434.81270690014406,3.2288370324749907,36.98473942946013,-117.51266517554602,0.9261364248813688
11.220362317397868,35.941849803598686,6.9442206349020505,2.410372499704276,699.1030164945253,2.0493972362488666,37.38496815753422,-116.74608753841055,5.0
4.0763226097923,6.6320250339662365,4.942028540005665,1.2889387497788025,1180.7007940184383,2.3718557384645607,40.44016051136944,-118.50779900113136,1.8087360231190908
3.4690173105056012,15.748559761093441,7.9359659223875925,2.667806466265668,3617.673922622033,4.943217343369573,39.516315232100055,-120.15571266932616,2.5489120132442036
2.4418046457518106,16.800150641445917,2.8594772957712746,1.0,287.0083641266981,2.942902450722925,35.0189155210616,-117.51882076979166,1.2548836745411347
1.660445594684973,13.747804266278683,6.098000044182682,1.8272520612574674,796.4574622701698,3.490845178752263,32.66048687317942,-114.91711376512671,0.8308874689531853
7.344137312484663,27.26528864519588,10.459672372625867,3.4580736493615047,1266.876903137559,2.8688884884124874,37.05715154406869,-119.83319619568562,3.9304639039008893
4.683242820367877,28.3132445588633,5.858433478380488,1.0424737511986346,175.26414437715405,1.8715478090845459,40.659667097908596,-120.85589973626205,2.097294769863157
2.0668453517205134,19.20118473372662,5.532460217558501,1.0,476.4685491500789,4.364589626960966,41.01042942855654,-120.11563061447426,1.262422271551079
2.060508375877603,19.043247095558236,4.970012883356076,1.167528198030267,555.6349202148874,3.674043967094795,41.584148872223466,-119.646023697884,0.6595742529836419
3.663903761225768,43.25633549321015,2.6422938359313815,1.0,494.73864149504897,7.555341034520477,40.85585075732142,-123.26438971022284,1.829304257495682
12.199718957137128,41.25393526430397,8.51840549015775,2.2018145539464644,1328.611306155773,2.0012409199711017,38.01041377533193,-119.01558159565006,5.0
3.835290528984919,16.697587415718026,3.879308608526146,1.0,933.9663320264127,4.17464434763973,36.72375319274296,-119.0568575194994,1.609334822206407
1.8186859378265008,47.60321063753622,6.060506046107978,1.0801350455595546,629.366587783482,1.7778102557306865,39.86107354207394,-118.11556172359477,1.1644731631013479
3.867290611805743,49.59356586712781,2.6506006571025273,1.0,1682.3764502057804,3.1993210872726885,39.52830552647317,-120.37179969528668,1.4935274468597817
3.8051897480486616,17.66386964353208,3.0901391868922468,1.0,6143.038187969608,4.439770276707316,37.612362585773816,-117.8689240404441,1.9471981790262078
0.8885787651266209,19.0756723884458,8.793694756150549,1.4730750084834339,5649.12823045913,1.3114664696184526,33.32961003930546,-115.21783689725797,0.1700219060106592
4.338041938618649,26.7873418245199,4.310608530053417,1.1930469665906724,160.32904391288065,2.76772867331163,41.297772794475726,-114.44529009504836,1.7297503788499942
3.9018050596771365,48.99716143921735,8.857904200504072,2.949002616935662,1952.9028464444443,2.398194365243279,36.82822410626579,-118.1638778385895,1.8130988986311904
6.805450388753177,45.69229109025789,4.80044074885532,1.0,917.7974374834256,2.268722915032217,35.951670928204514,-123.57409046029687,4.2129566080927
13.590535848012316,6.230966091763079,2.3708318634942156,1.0,1280.6913686660516,3.5046303836523807,38.48089025410333,-114.30764002732892,5.0
8.81045441196547,21.02926790684223,7.07683688268468,1.1729129304544006,736.3584071660096,4.703346527953481,38.90146063108628,-116.94137939103744,4.2344118967664395
3.813955294418576,29.221930677238365,3.9119777827400166,1.0591720091925514,1233.4724857544638,2.848203697265481,34.50153521178786,-120.64036351446347,2.1556891179833104
2.3073148706103037,26.65975610012854,6.550068616585157,1.1972630966234472,1275.9003893336985,3.2615240007166446,40.45091902569458,-122.52842299036277,1.4491938152093988
15.0,10.887016464781526,5.00323321782898,1.4869144428241567,614.6470758327696,3.144715739666411,35.25440238979259,-122.56581387763725,5.0
4.64379100878793,44.79965532957589,2.671800818236944,1.0,447.480272155669,3.006334018858896,34.27349729618601,-122.32255593860397,2.0593119616004545
4.519302081379627,35.52397993283871,5.2894692294998515,1.2836388808847918,700.1568051961193,1.9430578527533422,36.360798602117725,-123.5442747838618,2.749781529057158
4.417283647290436,43.73332711744198,11.923237854742117,3.217916264209782,1386.1137740732788,4.680373154830698,39.44032076852592,-114.97845811347088,2.7450303389715685
5.0472869255764135,44.79697824682308,6.032699467238952,1.1115531227415272,1996.191395262262,3.3806843089205403,41.67185269517813,-118.59231767172663,2.258470938304423
4.109838580197045,39.166148536952726,4.840378396646255,1.4440182945714555,2574.34130718613,3.518210909316079,40.188172011528614,-117.00040587286163,1.988024250291479
3.1765725334973562,23.399740663735585,7.615132307476733,1.6031990932273439,669.0173385671299,2.1757994242505894,41.43330958786682,-115.71891490731693,1.3356398556240798
3.228070645062571,32.13788450578665,5.388501794513568,1.5221136603320673,1456.577183295568,2.5000527728823596,33.835755138727,-116.084589936668,1.2753174421610116
4.394474858468744,9.178635712106901,5.386057618205009,1.0,2871.249534713948,2.799795337936793,33.17617958920493,-115.17394376271159,2.2763552675943535
3.2347289486577884,35.35591629122029,3.2006372517012682,1.0,3517.813444866993,1.6263693252280256,37.79819523811338,-114.32745377475048,2.031205895971301
2.92207076312133,10.141916042703318,5.438695369461488,1.0,1033.9763121586423,1.529263535115812,35.25782608891833,-119.6092938525806,1.2457238204949896
4.77721689126797,36.391429116017996,7.4945595693576434,1.7617558553053754,879.2491240091967,2.36245380733679,40.366522243208095,-114.4966453333161,2.2931927306428004
3.845923166844411,12.709506198452402,3.5451310936024156,1.0,1327.5948940477033,3.7025001459419618,38.8838847783221,-116.76710051657184,1.7617421458580138
11.049617291931204,6.995116307661219,8.756517922544061,2.624109945262862,347.3359708042144,2.3134618614874607,41.72191755786505,-123.29331809691922,4.896321969603477
0.9133995370848244,9.42950899729083,4.774635282283599,1.0,903.6033472755131,1.99866192861604,34.92052737944739,-117.18216878787655,0.5618317660190237
8.6270629001956,1.1015988961725838,3.47256042111663,1.133247387327938,2309.0383045926465,2.1686952917849704,37.11494908637471,-117.13283340395151,4.275463011766721
9.465476393363497,37.655720510530045,7.382060725765038,2.4240033002784016,2083.797292032014,2.5039338389441474,37.261784535540855,-114.94139436207473,4.421641382111097
1.2917086289713988,38.35245350197734,4.416211958645851,1.0,836.9232716648171,2.607668207373397,34.77217955114507,-120.27067867529908,0.5095231501844506
3.648760217848302,27.261600845576233,6.711389140686709,1.8306601729788885,1363.3745621361832,7.143540922082337,38.10588729513607,-118.15088499728182,2.2841401877530623
3.586351822574962,9.229502853824568,4.4074511290589635,1.0,480.751093823078,4.580683630987069,36.711216867752775,-123.87812448988258,1.6508437014112534
1.9260918142104022,5.261271213045177,4.8359110659821996,1.1040743784385485,2216.073351606972,4.526321799635761,36.7438547819038,-120.67924757818665,0.6545924307235373
2.8103526886519683,1.9755772883016376,6.034084120561339,1.7659612822511965,1014.527802345278,4.794321255251674,35.94599815573859,-123.3775627384122,1.3111245511812744
2.3017149895777234,9.453157025226256,5.564231183298502,1.5684713561176253,832.1798208551837,2.0147027225196488,32.660828848042584,-118.78127027235104,0.806920576701689
12.824562354308261,46.43363228414049,2.2295221674354555,1.0,763.7772307855745,1.8423725198523042,37.4599047506905,-115.82552349493047,5.0
7.85701714159468,13.31837892678577,3.1629416736750886,1.0,1029.7858357010577,1.9294825986720958,35.68485443915314,-121.93557307870931,3.9270229566267036
9.61123817463516,19.067837688077997,7.183336681016558,1.6205965992747975,700.7297941812866,5.123318908366515,32.51253875535113,-118.72558954442222,4.592285123235071
6.910232184367115,6.372619708547992,4.698039830764944,1.0,2117.8210574032373,2.413609354128367,35.425465222788354,-121.95991363489233,3.4947189269248344
2.276340107617674,12.340426542156685,4.0168880217176754,1.1801800342059294,738.5704193413352,1.8211306183837357,35.14696916435269,-122.7931153215376,1.4282167540063369
3.2716283922243585,27.48045310979046,2.8764888293519766,1.0,5393.5770855957335,2.5284374921417507,36.23775745562454,-118.89003208065658,1.3812335196173415
6.01120204921352,31.99538683787828,3.21589426021454,1.0,4746.7265091416775,2.7306994558489923,33.75259390161227,-123.20851379050272,2.5965539620575777
2.1527009610657433,13.512968022476764,2.206219779691101,1.0,449.6441580884618,3.3446608873681885,37.322996334033306,-118.1264536886201,0.7625611485339596
6.8743635045023,3.9443401204809776,4.756383984933741,1.0220881566960813,1175.8002627456212,3.321380162978812,39.07818334892224,-123.68662539323273,3.128178899447136
3.879882078775326,20.94267632549733,3.8986290580804055,1.0,572.1169214746766,2.157020291088436,38.48676290601844,-122.93285028131625,2.117437263709952
3.579086196551418,12.944371917243041,3.364787609616457,1.0,791.043086187015,3.952161154463384,40.13567200190731,-118.50002514512641,1.5939554496469528
6.865960767009449,12.197250084719899,4.819887704323039,1.0517456454168257,8122.7777950750515,2.3264013449919703,36.79407873587727,-118.08592587101086,3.6343379506632876
5.8506805446216035,49.95300293838622,5.729270741261204,1.7798604890648164,806.2779892725316,2.822123075429888,37.431371438227416,-123.71013069906242,2.6511012065070862
3.608962375822192,32.43132478221193,11.441867010837553,3.769634063104251,1572.1918964583667,3.9539284469002682,40.198818438160345,-118.26623211998441,2.108189226516009
8.985371643306353,29.40080060177689,2.7053914955932234,1.0,1884.3181192894863,2.323957237474788,36.563161122782766,-115.61497474676364,3.826499057851445
2.3428356300572895,22.20453027968942,7.875466470607034,1.8987776361917816,403.1749663954377,2.392310010081514,39.16519382404617,-116.77683822706047,1.3832242002449344
6.4854510240753775,22.87616100493736,7.309980633235792,1.1415625681292236,466.33512386717075,3.8063366594072514,36.62872250282092,-122.68814896079202,3.5063655934839044
6.397202303929295,28.586155195742123,3.6268442017476703,1.1817740610467398,328.31635108805887,2.1316721727587504,36.46849384785985,-118.07525352436384,3.0276056001408675
3.722040861053227,36.51792015884147,5.37250554603399,1.0,452.15691022315326,2.5756017356368477,39.721953433027025,-117.27747499925786,2.0199772101883102
5.450349926685488,36.8094509052733,4.124507836335978,1.398001997291609,63.43209037244163,3.7520294160698793,34.16095069692901,-123.62768798247708,2.254072837175595
2.1155860243060984,9.756389292977929,5.334928230935252,1.3222259498719549,1890.473112484326,6.832133362543665,35.71656673344495,-115.44652331316377,0.6023076941628033
7.802281660714359,26.505750355907974,9.05803677761806,1.978156560309925,8554.338338512684,3.8273084512610076,34.629636629095565,-114.9373260271017,3.9348026747099856
4.011072725489276,22.0098628467392,6.310674048110324,2.113089365525892,1271.332369083651,3.6293584793107017,35.911544458192175,-115.4954772663774,2.594785682514323
3.2751582472425693,45.396875279738595,6.07051441922408,1.0,266.0624726144601,3.714784370195302,34.68856081247723,-115.75368532010887,1.448060585228192
8.40986595842851,33.2023649821372,4.169834188281668,1.1103642091508892,576.643149685556,1.9556524863698854,38.004353495323215,-116.55034801539107,4.391491980270431
2.9370150770044376,28.157707387215073,2.73567261415144,1.0,693.0645599660949,3.1463362965428585,40.08262262486953,-117.6656796871804,1.307495306653898
1.9249947148083302,6.885126751124786,4.556763969471861,1.0,396.3965990337153,2.9686087379590482,39.97282408157007,-117.21372995011748,0.4836300301136071
1.761247730903663,31.887532355493985,8.025654809972698,1.892268716766435,2591.9937297599768,3.416558699084655,35.962759163213526,-115.93604706665018,0.8306069563723912
6.446942392952847,6.977399189691905,2.6889017997213087,1.0,2465.7715619468154,3.1474834254785526,41.89322385599549,-117.37501541638696,2.5062314524201974
2.0786993559833395,18.197535353853354,3.247755858412409,1.0,345.34648112499275,3.496910523005699,38.14161646470511,-120.7227304331793,0.9465680897064296
12.843996570181744,8.284940205530926,5.209620927565776,1.0,2264.436099997919,2.6522626928583093,36.2943028668938,-120.24038897838646,5.0
1.2851074779400193,36.29575599824281,3.3405587588351304,1.1270066001523247,5048.329439979585,3.0754264265621596,40.43762315279354,-115.02942531627708,0.15
12.40219931471826,11.518857805643783,3.6074120123010913,1.0,7350.754244413672,1.838350263615379,39.43380312010509,-123.82877914202838,5.0
5.0866043204538265,20.984828032589327,4.181042290754197,1.0,19248.954433269217,2.643323663562383,39.61811569982899,-117.01179418755719,2.2431078680168977
4.229027803175764,46.67941365855771,2.8683961428583946,1.0,444.97021643054234,5.2400624660859085,34.36332382247178,-114.45222447574784,1.9687087816386843
3.231830024720457,11.420135553347485,3.354662809551911,1.0,18475.862443822887,3.412766783776336,36.94908092000127,-116.93771830042026,1.2670075236816698
5.694391075956575,26.898058261897734,6.562496973357201,1.1458803837289169,769.5405215612349,2.9791308146813456,40.68736724283373,-114.06088011768217,2.699523301213989
4.381622889791079,22.382854719467122,2.9360116746025056,1.0195887289918442,606.3967923291425,6.413783269667958,37.288361072473194,-117.12455094471669,2.405430846891153
8.688333330361518,1.9243260933322164,2.613920355247445,1.0,1520.922556634442,1.7431015190092698,38.99280106249998,-123.65636970783139,4.032391585584838
4.799619237263126,41.43066379221345,3.849679923869753,1.0,612.7387521571045,1.927488341293542,38.08537046382551,-115.72990118353076,2.3712491911122577
4.904636866174999,4.521341222044586,6.637810738091618,1.1377091591751185,1634.4214061108848,5.96008393785324,40.50238948332463,-121.1537008806068,2.486928873866468
3.603237232593065,25.187006069824633,4.57785833722191,1.3453959128423638,292.92681869157707,3.0599065443003175,35.20332797773523,-119.53942774335559,1.5129587400740143
4.331147964797007,29.594593041886448,4.113061199861291,1.3199378229091845,863.7189252997277,2.7263583622769962,37.96701513992046,-120.87908084092918,2.094975666460113
5.390731345485281,33.04974928734394,5.041700969060489,1.015350476845908,3966.273367089013,1.8595197769638647,33.67072934609314,-121.31445893790321,2.4164912183865668
1.606244690942339,36.120213094701654,2.463829943508126,1.0,1035.809689518304,3.5933269722236103,39.057002378644945,-119.68594296330215,0.43235972751827184
1.995887366597257,13.916891559658469,6.036849449334333,1.1748795884009164,1263.4429667856011,3.7351349450975895,39.45369446435076,-120.21248551559326,0.9218845120545889
7.000338159675944,1.508917609580918,5.774051569676097,1.0,1763.857771151778,1.9390579370328744,32.906954551295485,-117.6666141815741,2.42880402091307
4.965526145985996,37.895626780100514,4.205009742730531,1.0,3535.6825011156366,2.840243437075854,38.92001415446586,-115.86848799012489,2.974589201020512
4.013284559492695,28.31848656672651,7.406587483714192,1.7501886504740471,209.51079967828537,2.6268716912153667,36.43955646457497,-121.02911346812759,1.910389212080297
4.531533303595579,43.64200286356969,3.1550412185320416,1.0,1967.5099782918148,3.328064349527359,33.67892032304198,-121.86278847177982,2.510155147869452
5.5209449002261906,42.89080650793541,7.776945075820658,1.9690383132507494,838.7065307876398,1.9199514573919927,36.48912170313544,-117.33104729129657,2.941182951301516
3.241850120944507,44.00963455718204,5.268772779332185,1.0574361142782744,1295.4817275025468,4.956892249706257,34.345212832108025,-117.29679934169218,1.7991289765162395
2.809529874101909,25.739827658956546,4.329183534394789,1.4637292496430174,3165.132411127381,4.333300590121371,36.44781555517151,-114.98868760713827,1.3009700953096295
5.040509423459201,18.015048187680147,4.913814606894924,1.6274003315591234,332.2252984613016,2.5979684559469947,36.15122076560601,-123.84054313546689,2.5540855551028954
2.491727720280321,41.36946833215987,4.745012629373967,1.2496523197422806,398.3597767166818,2.755041525711029,39.51472055089255,-115.4695933788349,1.4947799541871043
5.725624654408998,24.015999764492,8.069674594182631,1.782468445869274,158.31235950156554,2.8446246904812296,39.85504780258041,-118.78997827051643,3.022723849287314
1.613571164902007,10.35555201657516,3.219829310570204,1.0,633.2346561295951,2.2004823334191395,38.266772216653195,-117.78697910827901,1.0701657559332696
8.310280662757382,44.60367499763519,3.6509678774306726,1.0,4148.210620169025,2.515894063201674,32.71552500073325,-123.08628559438586,3.4917103368729654
5.95099533909002,46.01055371538971,7.497136568905463,2.215522793887287,972.0554124476766,2.6963307113188293,41.34471165117444,-119.67385067127954,2.588203786682115
5.22585196775487,24.781797563148675,3.903158221959258,1.0,287.1127811778333,5.72674523933354,39.01921616091625,-121.72697592761476,1.9812005334015983
8.081799760513123,4.860686092799161,7.100841022693382,2.281826783307804,674.7358327784659,4.387007462943053,32.824856774251295,-121.45774969917491,3.7185093172633765
12.173782532981525,20.779130585763493,9.774474972771264,3.311777417315728,247.6801748888949,4.366063852373827,40.278912542534115,-118.95904885323972,5.0
8.236883357095289,41.98042063259277,4.217666399622283,1.0,355.9584100299628,3.4832656021741792,34.402528469820965,-115.87544049596887,4.3348871894232985
1.4850901258201226,46.99047545585766,6.5048296926495235,1.7051688760888781,1617.7942239463898,1.9214290314858216,38.00260130092551,-116.56219069855143,1.1364554605448063
2.079762740123153,11.377109867377388,3.1221538102764175,1.0,339.042908695624,2.954719014464013,36.93302651452678,-118.09000040914046,0.8431609931120764
3.080552159190652,4.415654213288848,6.698564965665171,1.2733557328633736,3336.3554421278554,4.429095485416381,36.488468432373224,-118.60581807246533,1.116939924745798
4.552400289991999,45.74487310977477,5.364319859359722,1.2482405036096993,1021.349130394973,1.8161050914630446,40.952280341181776,-119.7269395676551,2.4007810125221023
6.114086751017094,20.85965188792264,5.984754463553828,1.1445276944110927,1194.6334775169723,3.8752930383626154,36.65493226984484,-114.27290026438614,2.4983014929509846
2.8995446635854374,28.629809177645726,3.8258136789788675,1.244583475069211,830.1671220521242,7.606808413194846,33.215769116944934,-118.39807445765767,1.0841244943929889
5.013127935422141,50.3713564145887,2.5486572039105777,1.0,2375.22592567317,4.59388769704124,41.493067908542045,-121.46033601687778,1.9737181311536132
2.8484364810088696,4.394801123625365,6.057522123188946,1.4606634199240027,2399.8460963931975,5.288907243076877,41.24508469677646,-121.69909207959961,1.110504701179715
3.1052347556281843,34.06421838005687,2.1698081185432185,1.0,1533.1111051968853,3.2783344381448076,39.00211055102519,-117.88646969224858,1.4704960925068218
1.9270750628501114,4.7793765513182205,4.3625633246530935,1.258044520976695,1929.0619083941097,4.424568588160449,36.94497901725424,-118.77172472689071,1.0523365995235063
2.575542141474053,20.14891535179152,7.217240997536387,1.6355269416485716,887.0579653659186,2.2543433072783183,33.38216499296345,-123.92302197045288,0.5297946266497623
1.9917013767015843,41.99454180486578,5.348194858515526,1.7318514629561736,1885.9802795508087,4.130281336771394,40.01210712648602,-115.69934627804221,1.0178003285662214
2.495467404705772,23.107083870537355,10.797742212919127,2.846974069538765,782.2092004506873,3.903038114643107,33.217040187028275,-116.95877645767565,0.6732883686687079
8.433274054792763,51.85630004905047,7.463643210575729,1.7756123338928749,1099.0831620132014,3.373546178571076,33.151709356503886,-117.38170710321896,4.1669644496398845
2.5354234555460713,29.51202353227671,3.8130929002795257,1.0,833.2687762053031,5.085548896320224,37.605146503174,-123.31219342302342,1.1670815013341251
15.0,17.379269784433628,5.007442731466546,1.2164975899509407,694.2148263634394,2.4217394546014326,34.02121828175408,-120.37944149827509,5.0
6.025441414608759,12.22567762114241,4.860064546427964,1.5267755143504496,550.5337170190767,2.787588801754685,32.57343753973331,-114.64617739267214,2.2910616537755617
5.007324168025014,18.876547248594253,2.6303825573015467,1.0,1750.5584037182903,3.121097855041874,36.51957759445997,-115.37410758658636,2.1970893671242213
2.6777726062732445,19.99919696173709,3.400221013249136,1.0759404043087126,4066.776349237351,1.9900417363650624,33.803563700295626,-121.14457062130467,1.5057851103335753
6.822226791942749,4.5043975639220095,3.9578289786245064,1.0,3537.2397547009364,3.289622371597753,34.02489644516657,-122.42941115900861,3.0751045760196654
3.1728089646763857,19.84828417076543,2.193529299287347,1.0,312.1346496354363,1.510480534272461,33.230651067985676,-119.50912042831423,1.3779328556215817
4.822082500439911,24.67616450670047,5.0480265629575785,1.0,3980.6605482595037,4.566658764537772,34.448390660374294,-120.4416962133234,2.615046039562845
15.0,37.85962536417904,4.483353260714007,1.0,797.786883406834,3.06073458198359,39.2970997078567,-117.17773623294009,5.0
4.230685599417766,34.49320372080201,2.5366452478283708,1.0,1999.6611399168,2.4391334637917743,40.18480941856902,-114.3356518991568,2.093128614912336
8.931318173164538,37.147048416686864,5.822240458150354,1.7935527057592213,443.09521000293944,2.151683491585495,36.79906961827835,-120.36998550017438,4.564178378764174
2.939072763157026,1.426547775719712,6.59524607529908,1.379399455652523,1263.9283827363097,2.7351010663486752,37.31226125087347,-123.37775827347758,1.2011554170621097
4.388585237135133,12.101037378607339,5.423892827743056,1.351258673465732,1500.7543833444067,3.9562787913130384,32.810222828644925,-115.02385991657614,2.291576023394682
12.967942901346474,34.74589870839268,4.350856533265244,1.0190740673174916,248.48816237405995,3.7400373256427595,33.158504483027514,-123.6205026976013,5.0
3.076583614649898,25.683457777167103,6.275021182445915,1.4564610109032643,2014.783785907226,2.2654758407542626,34.94689339367041,-114.47234102846667,1.894237302665841
13.296078402555779,1.2709872590856433,6.501859053180583,1.2761182030495026,4213.019994352672,2.141666214423327,37.6670349967749,-117.3542057199096,5.0
6.852757741614863,42.02922676402294,5.601091155113427,1.0,920.9005540053649,3.9069596270479923,39.525735912982434,-114.58310791558051,3.474388818366813
3.197981835576849,40.41328823780721,3.5614048928007653,1.0,4273.413198498012,2.25029436861425,38.24752908271132,-122.00340313351022,2.1806127468927605
6.549866340663041,28.969377312671696,5.53250283961945,1.0,907.1488113906363,3.077027118618668,36.22521462237449,-123.59300204746192,3.1752319233245534
8.032796065478882,4.389629614589878,7.990011989419542,1.5151151989415248,2564.668555294273,3.1566200698119293,33.62407869352981,-119.11790021723507,3.6350689413448194
6.508350061546177,40.09226752616182,3.9014503809629533,1.0,119.27479516286463,3.4035699044720307,39.9173457314283,-119.49376585429874,3.2017922797874605
1.7469390952500903,30.76939297429956,11.463587820747069,3.157664525510438,12317.518290212001,4.234681726167825,35.95596749019104,-120.68507726745118,1.1023158577292629
2.897121606206892,40.879958835055916,4.013836938703364,1.0,4892.497778672068,1.8126952484959622,39.4925131375865,-114.42343525611302,1.9612156922637776
3.8631728151122853,39.33909661218786,5.017655563213828,1.7292293295027428,824.9926652972081,1.3986902596167525,37.37329899818625,-115.77416267838568,2.1053770509552607
4.285940191381385,41.95310566984969,3.7848481288169404,1.0,152.61386502742948,2.39413282369719,39.51728950883734,-117.38417978624406,1.9755215607925043
6.503908205044757,27.418411386635867,5.415733532629352,1.1869431068477896,1462.6839782752331,6.175632850248186,41.119250833799434,-122.37141708362172,2.6782283656354733
4.98593326512312,8.156550427869265,2.467267647996207,1.0,258.80488885568576,6.745459689944784,41.24978040251112,-116.65676591781475,1.6603631467575595
2.011324348134421,35.22903114236412,3.9811999963513904,1.0,1711.0346714826042,6.24930872871908,37.58351441000573,-116.72987545300276,0.9151033385422009
5.630052181626463,32.6441630376505,3.2000022721764623,1.0170938121374344,1655.0156089630186,2.780991316741232,37.35932946527357,-119.74931826383992,2.618969767564037
6.464666640523872,38.85491254715345,5.228557038542613,1.0,427.77477523849325,1.4727832341369094,35.02394542227695,-114.75214090285986,3.023699441778201
6.270613951550262,9.6639313085875,7.372662849237282,2.4922252152076574,3364.2725035190465,1.1767829000836543,41.39009839952827,-122.3302211777099,2.541234294853119
8.571720194954969,10.94373519491475,6.413482882956066,2.1062831486560247,2454.2456025611114,2.349928108076487,36.850232088396396,-121.32662437588336,4.749815797941596
7.391667059916716,46.41088537818575,1.9181021922187227,1.0,2909.7525939457396,2.7753324669731536,33.712116773230086,-123.36775660749366,2.959305046894481
5.9032795212148335,39.24886772105561,11.210242408637132,2.9003039946991795,1106.389957604995,5.054354557896782,36.610696688952224,-116.04549041822412,3.256079618026694
4.296928964009578,47.31965292371647,5.5739946890317364,1.5649301374275235,266.26070774199314,4.250863691491238,33.70700587726104,-117.78240613904603,2.2386869773665583
1.6543752413587327,39.69448137935996,3.630608785803428,1.0,2915.720599591245,3.290245004957977,37.27405100044221,-120.8505969431875,1.150553405652441
5.7994955027200685,31.454920605505396,5.274327418317599,1.4738815597619261,836.8364079128149,2.1044667121136618,37.83211739113402,-122.36186336405684,2.877532936773628
5.076452101106818,34.360769588421554,5.31469661361524,1.0,273.20429722683775,2.0455939280692683,35.70867973418906,-123.5985222997126,2.5044716705590595
5.274834488684762,46.34552412094051,3.793391649412994,1.0,4238.816432476098,3.325603212106418,33.180680835199105,-122.33254431374064,2.4504577480153333
2.083295165823822,30.519144480108967,5.361086538450609,1.2944133502860837,8949.988447648253,3.97021556429424,41.46328358851577,-119.46715353662341,0.8235427650216062
2.3428451708413505,33.25195754074776,3.8845652972206826,1.0096935380741183,1052.3193070135774,3.5139912681893652,39.84685457809258,-121.52823030989394,1.0426282176419854
8.430800382075326,8.98031251618363,4.2133379801091095,1.3801358537039174,9500.70375770507,1.9860759670141137,40.46937026479865,-121.41017822568033,3.179703321963923
4.376576981104745,25.16998222592124,3.7640230507118524,1.0,1201.486391209014,3.8972339250701675,35.98524974571918,-115.24423633332286,2.001212059276466
6.745667307519615,37.53625270986305,2.792483893305555,1.0,749.6032719432544,3.562150326600181,39.72789478518478,-118.848623265389,2.7318724569002555
4.558488164487592,14.818077614134637,5.250559215064646,1.0081570787434304,583.7901265044072,1.9576278066870854,37.111042504107346,-116.70748026871586,2.1123300729340038
4.562422277511081,11.314963206751282,6.25962184165823,1.4323061989794865,5636.859752683945,2.195196604753671,34.41029313985744,-123.64289050971857,2.168884658154885
7.8693092108187574,17.005167219445195,6.085771091317817,1.2982196527603729,502.6309075847736,3.9566526991482087,33.68202208061852,-120.34836644321972,3.7133772656990542
3.2883080535890215,13.316532027634507,6.875539416482887,1.5815875827323362,2287.6247014867836,2.735179285311175,35.77798325855954,-119.20830652604558,2.285874726559988
4.747757807929947,11.960544488856188,5.639165446068123,1.0156086194141656,626.9307982602004,5.672664408352009,33.80674505901383,-122.13583144789816,2.005863338850249
3.396124154350883,22.667392986272436,4.002462516060607,1.003473446811107,692.0742429935036,3.670954501581727,41.98355527393865,-122.79808458554461,1.4683526450522812
3.4532031982219586,47.29976420806024,6.930039726828568,2.150588957874108,3072.508764409013,2.4727911298066485,32.96729540720421,-115.29696221500157,1.7104118207420775
3.722876886253758,26.860041983674634,2.877704662125884,1.0,749.9174649269097,2.991927294479723,36.690864194006224,-114.60568372900204,2.2292295125384314
5.120644259046266,10.583939421581475,3.454685573982128,1.0,731.5785674064333,3.0813054575952465,36.79488846270865,-123.21193301954592,2.6226743743087413
3.36272220831559,4.925555138424578,3.3680029471717843,1.0769307878140366,3404.3343146830025,2.2448616078936636,35.35600332152592,-120.50981287457557,1.2617723017712599
9.520560045141382,36.50396340203419,7.629500849209716,2.221799324425911,5417.540955431495,2.0854084195183513,37.927839874215984,-114.41714371855527,4.1216419273111224
2.620160613268484,20.52273698625578,7.22188071377226,1.7916827538405617,2089.5203129562274,3.977112118373499,33.92478172943967,-123.16838266867535,1.4094737048965802
4.006335621754161,42.913378275853326,6.019005791799767,1.2130651885644186,569.7685492255291,4.212723365892062,39.94716761557872,-117.56358627121274,1.8282039928280203
3.442374052984525,34.635049200679276,7.604741589330557,2.4866390854481657,658.1227741027217,3.8248245151013744,35.65825332335256,-114.27778629032994,1.6085484896395297
10.67801260575211,41.6083139776098,3.4843687244189487,1.0,1187.8678587647069,5.507590533222735,38.11775460308709,-114.21776331418626,4.611933648407982
5.04265568989711,14.869248010340886,5.694142688237995,1.1059706126623214,1511.6092063527442,2.4188463354082104,39.29857274263611,-119.28776669096257,2.479709887438119
8.323698802756299,36.310305045513964,4.7111414684077815,1.0,408.3538548650396,5.869141120934493,40.94590011805653,-122.3725089221762,4.148287254999709
1.8379738128116179,14.467161219379658,6.950077715176495,2.1588791340238074,2259.8143425548174,2.095163414705904,40.4399806462959,-121.9791568502256,0.7719951842794889
5.260521464227058,48.89249245196487,4.729929544692808,1.0,1194.536269003289,2.003560353458562,38.278935766983814,-115.10398604875606,2.84279520666928
7.642910433073882,33.45508835820209,4.246193118224525,1.4794519711748977,197.21444329782705,1.485893756053494,36.18973521364693,-114.88316995670264,3.6617540089067147
4.708504744274153,17.550101808942447,6.149454676655179,1.0827365507846738,433.14542128353185,2.5135142523866625,37.28044436571216,-117.92120356126445,2.039441238854348
8.493390094498189,14.745104976905905,7.031975433706029,2.1743831778834743,662.4011414998579,2.455943647685545,39.80298053709863,-116.33823600530089,4.206497922916732
3.2858551245207455,10.73725583865382,3.7911216381845687,1.0,1019.5761810528836,3.7075634620872475,40.83668265431499,-116.60068748529592,1.010320970021482
10.439622931307158,36.426688903580114,4.833494627744287,1.2008490496833966,7253.785833607546,3.3120137121229387,33.485928317678386,-117.38178402010892,4.678624134143379
15.0,12.154496262894293,3.243405138328741,1.057772092353468,1391.5469293705264,1.8641601903360612,36.15613449368401,-115.7272304512806,5.0
3.604910211380636,31.36046656230194,1.8235325711668968,1.0,473.06278148740387,2.5674405420333284,39.87310768492826,-117.1459337695968,1.8598908651171608
3.430474147886215,14.496386373193225,5.366542533040746,1.3818779980223395,1367.3513198232224,2.589371524324138,36.60069174464263,-118.659976942525,1.4676906245213561
10.719137403038562,34.7604161844873,6.319007423000229,1.0101560999930241,771.1726300191261,1.476400603909048,35.656163758629695,-121.63043637411843,5.0
11.562224637715099,42.5619261555675,5.500432489682869,1.0,1517.4070052898755,2.0291587721158746,36.407565619821064,-116.5611185588138,5.0
3.2748890272633853,40.67928740037731,2.2708979203329123,1.0,1959.7411693212985,2.2070892098017807,38.227025094470335,-119.26562132161726,1.464171141347236
3.4829788177074907,39.80341787746987,4.304496732255294,1.2315880497377012,3674.714226857115,5.3305264687700005,41.99814886927111,-121.0520831599249,0.1971014796125674
3.784558497153004,10.573842690304856,2.039410704903098,1.0,1070.3205952742712,3.2432641824841983,37.18342807649305,-115.98053724258224,2.4005641935577904
2.000365058951933,5.5076322962104545,8.56668157121139,1.4799147308808769,5647.456397276042,3.9152042592416283,34.480697512065476,-117.03286399646971,1.2580257301283844
2.5826314786743994,36.64639025285666,3.2077769784450174,1.0,2719.008749494293,1.649621390270537,34.0470424651514,-114.626604368753,0.9642224738528204
2.453499910204204,19.785707903511916,8.183839719031385,2.287934855459042,540.5355758584257,4.843733429976527,32.902322601025936,-122.34558359981122,0.7998067742653112
2.8272979312511524,23.049657546570714,7.23078682083124,2.1143861785305615,9995.154112233673,5.055318337209737,37.808763731724056,-117.50810715363507,1.3484033333404006
4.389384742829019,2.5886037324629445,3.454797549033023,1.0,1520.8041397690458,1.3507527277074547,37.673434869143925,-121.55760531911824,2.313006824233591
5.1578964906183264,14.23839891302751,3.1483736549499377,1.0,475.7419074906816,2.2656763200976386,34.44972230441294,-114.96417014698358,1.7760693138212884
11.362293615524715,2.7174965975976653,5.698187185102853,1.9264397433128742,5726.8049350390975,3.6630869804677864,39.105629361299385,-123.00500585743384,5.0
2.4620333548959117,45.83847440266363,3.533434644910668,1.0,8758.479407098057,3.8874576416805864,39.540516895481964,-117.43838193555123,1.6777508344831136
8.089714492883882,13.413230844145055,5.160295559692589,1.654748362451792,1061.0080611547335,2.2901151675431026,34.96143295113006,-116.0891427847197,3.44872077973369
3.941678679918507,29.42419564822341,4.08315087510788,1.3176258055872678,662.7181188170665,2.65860145246583,35.76894775828249,-120.45082159635292,2.0004255440311605
4.350634837939112,2.987945353717651,2.429138418550322,1.0,922.9961308322474,2.365637580281162,41.90948088729894,-114.45861920616191,2.214252989872391
6.718679923614999,35.00921695658856,2.029547359043438,1.0,2241.1215858775013,3.1398254800650713,36.05551244458198,-115.49269315413963,3.3279058678497035
2.2850017428077596,17.474394633458786,5.4231330361673225,1.7048176839954916,3935.74966599564,4.849479659946317,39.727615881682965,-121.05381700315097,1.1188613512183587
5.637528993069764,46.79387853484096,3.956567678096457,1.2022035315250457,1940.0855147687087,2.206887467649748,36.80089155298443,-123.92458907284,2.960782318935296
4.952395133593062,46.29402763563583,3.969991974793046,1.0692958925981952,1214.0573468931564,4.483160198088643,40.03677586467927,-121.0334282388194,2.182901644912775
6.022309107228596,17.589821536449136,6.5426712863010765,1.4226411075816,4905.006858690647,2.197523778142345,39.80572076843515,-121.18689529529257,3.222912003639773
5.33079928365384,46.949005680213865,7.9198867830362465,1.6037907025282159,802.044046313215,2.1403066539394993,38.84368223938609,-115.10035392499091,2.686419421916973
15.0,51.80404134843772,4.441455381926254,1.0,3074.566941735422,4.168006430754724,40.620394289808004,-114.32878821745253,5.0
3.05676146102148,43.09619887032135,4.322182647911429,1.0889800270285486,822.1617909393087,4.34390864043493,41.422575701338005,-123.2956001402974,1.1389256337484435
3.258939471622712,44.088438735516675,6.049993594280353,1.615663948705549,1687.5329660803511,4.223076854034319,38.0098415442948,-119.28705171466683,1.499452423120845
3.0836553157847804,13.699445541563586,2.8783746353804984,1.0,978.9077753769636,1.7747881021181167,34.75595461861609,-118.51668001470205,1.3400520045884778
3.2114216750012483,30.411822341745573,5.41547839006129,1.3271811102182787,1037.0628535597455,2.493331102930237,36.28697513561871,-123.07088338670297,1.657408271640889
3.057408689238822,4.4300516123357605,6.176516186985567,1.3755280140767452,751.9076289317512,4.175338516454296,39.703904278376285,-120.22502290862478,1.8341718456174008
9.146853301501686,5.840814777905155,6.501884665200606,1.8088321906589244,4208.468278673116,3.0545025142145787,38.68339310867676,-120.8291758260705,4.501805882359956
10.509741077831537,51.94352321369782,2.282562964799657,1.0,526.9332930576974,1.9552593833091676,34.189084216369864,-118.63943645672913,4.875474971560998
3.1821345818280466,17.658601720721457,3.652668119070627,1.0,523.0974352860768,3.6086263073604687,32.98677564089103,-117.38809100268062,1.283249516981161
2.7198769930378592,39.15737951449117,3.4857899810066253,1.0,9145.283545304856,2.257091632828074,38.98813513864962,-116.96514889503433,0.984971503431447
5.946776653353753,42.13991770436764,5.154936409831714,1.0,2915.6485601488607,6.158356496043133,34.885250728278784,-122.63244976386612,2.205680156107346
3.21769792398236,44.75918682136869,6.003231045734012,1.6508210257301745,100.97634700109414,5.573017144691577,37.24686731542601,-115.87052298055379,1.8253759571006603
6.551926251774882,51.879043167509984,9.013145862201602,2.6658551226658225,623.1213360815678,3.825307937378575,39.594094338869645,-117.21457970209241,3.560665693016376
5.061960265419234,13.31632074810026,4.063374588678656,1.3668482916023161,179.11188428307292,5.177916120075208,37.84533441623516,-115.10925083253281,2.3933005947624504
1.8049872553313477,3.057892169844685,4.059139481081037,1.0,423.8201991074301,3.083041285177508,33.291374539562064,-119.50663940564566,0.533771947667663
11.341891924935641,21.970767417723884,7.844940545845506,2.6676111650789185,47.53590564330644,4.080318290497113,34.263012249443776,-115.06110237277808,5.0
13.164536743768348,7.634114161276294,5.576887223072534,1.0,956.2414293277385,5.425380949791357,34.58361774829373,-115.34225877643925,5.0
3.102867815769945,2.143720347264811,8.224032038812224,2.2254458722534953,350.0437619599724,3.314144340149307,34.94971040962603,-119.6159066764073,2.1544219911169895
3.5515320154346974,19.38176818421579,5.559405628526245,1.0,1164.3348477334519,2.7126475979969635,37.87133222352979,-120.18856684707022,2.2301692742125274
5.320244358964787,40.97065080483706,3.117880214600035,1.0250182034586421,215.91368927050047,1.5191503779855415,37.28767490834124,-114.67187985029743,2.92126219998615
5.477638481192661,29.875215252478615,2.9059159973000663,1.0,1191.4327496264457,2.9059099867750895,34.430020364459985,-116.84835265461562,2.7341096625162846
6.653390428416397,16.951677449728056,2.6628450007203814,1.0,724.2116774919039,4.176064407966084,33.141771012829025,-114.71754653561925,2.424251371633637
14.971115678251595,34.371442280128704,6.454778659293829,2.0417419250124698,4924.376591502329,4.385279531624047,34.12860594250982,-116.03025221104187,5.0
4.030263117395315,12.832927195749347,7.968041505041668,1.4347424814764327,4497.859346259375,3.675708952436926,41.85162246987673,-117.90702560708586,1.7822217025404483
2.7760294552717277,1.7334537496763363,10.378588196138281,1.6368934152610732,2405.097213196052,2.4193051286492633,36.95119602301899,-122.84147222996235,1.8742409161585114
1.958949701810101,39.982022708257794,6.939586099712404,2.260752191652088,791.069810073146,1.3624320468241196,40.739782294670064,-121.08519327420902,1.1497660903362865
2.8905360693132667,32.81089732806446,7.886365883862424,1.6796906147247253,7985.481786404326,2.464315203031704,40.563148433354016,-114.31157592901609,1.537308676371586
4.393489632766767,39.87743384954896,3.9274622011006017,1.0,232.05275131086873,2.659829576027293,37.3594357958973,-120.80577901285795,3.051832982112772
13.154116061299339,2.9858388510709464,3.118754343750513,1.0,269.4657703074957,2.65071234450878,39.21353323037516,-123.0674513021463,5.0
3.285218685266771,43.69310101936326,6.958971795956036,1.8765647906169516,1008.4975218328054,3.8474959834439955,34.33114409892077,-116.9244664408068,2.0097304481951213
5.125729062391055,32.59583620185147,5.853690405499884,1.0,10446.665430608957,6.647697568436674,39.03976869680563,-116.65995745456316,2.281596407157503
4.437744546512608,29.733162886344648,5.170543195020685,1.0598534542814861,895.7497643683797,3.1563354304119464,35.08765350300125,-121.14542279712849,2.447044865981943
9.143433433151168,32.85531645384111,5.783150435581592,1.0,913.0172341293767,2.7546965306882747,40.40458991916443,-121.02328020653697,4.495562695126669
15.0,45.08609559028657,5.6365613676197865,1.3193334483795232,259.3269559844193,2.7082733044691674,33.295379264534645,-119.31107014491216,5.0
3.2591901238482923,30.93376183450426,8.27738207545414,2.723424298584403,2824.056442884112,3.15741579539903,39.844817392410135,-123.78211050237745,2.197937099443198
3.341221085008008,30.628469374297147,8.314443922054023,2.88120826235499,2844.5957763217875,2.156922626462223,33.44940061240189,-116.10676989638836,1.3860998120718895
8.385437129546077,51.524637010354056,6.157606463624834,1.70817859616179,2414.0840080399535,3.1521331795502907,40.871297750495934,-120.82911212725874,3.7001699907485364
6.7472491856859245,39.59323852049697,6.947078066061954,1.2666436453372483,584.5131784261424,3.597808587909456,35.389942922282536,-115.46236897998023,3.4471080117900383
13.572211026149075,23.5569840780079,6.08377274599369,2.0147622780696106,540.9318127517543,3.267007490621674,38.71673696589046,-115.97369578399966,5.0
6.362089818514219,37.07724700167931,4.118677460873873,1.0430532738589389,300.930021074588,3.6075063561898055,37.13127164689266,-117.38597966881217,3.173644814613229
3.6125892012735625,20.85075405628121,6.70347380214157,1.2116519674770752,1192.5778477465203,3.5733339649731843,35.97987987999222,-120.75125132900712,2.316413745140563
6.387819018147808,12.672648586658449,2.8354537363150443,1.0,372.26005057201263,1.4788153485760287,38.63169741524322,-118.8368343833883,2.764042746362637
8.716538066333994,31.43944572127573,7.550068385623229,2.276298884433992,337.8437446815511,3.8757843815192468,41.501468315236764,-119.5517074240204,3.5591637406364223
7.332300462284958,48.337287003811525,3.0715761203051732,1.0,717.884923904297,2.296977347162149,32.89206260005891,-120.61118113751326,3.3029127596685153
6.076108359930097,48.3861155207886,5.55290555792474,1.6205385280232967,672.393560645196,1.9380151577965117,41.22910213088949,-115.51863710696821,2.7176773491782744
8.499478543182168,18.437169183380007,3.532261850597672,1.0,640.3542066688916,1.9313500552353409,38.28627572269963,-119.16492925422335,4.140741913304294
9.039260376222872,27.911550777306445,6.180230652782016,1.187848602723898,1748.379428186293,3.573039535991607,40.169485857306,-115.67276902202853,4.174308693321849
10.270702190909008,11.793430827062922,4.88627331481611,1.405578539420389,1186.837875823428,2.748265620089394,36.14681205762564,-122.94781525858176,4.717482807896215
6.61424682581903,51.77718658444306,2.6171805613981665,1.0,822.0851425929029,1.53297836418195,36.98250826095733,-122.58975211399664,3.1965636336382404
4.054101772001866,51.03701330126472,5.860763307785127,1.3933046931251991,1316.8699218145603,3.6372035324768808,40.75408214211106,-114.22679694887023,1.9198801881320842
4.894089300847307,34.12495541507982,3.930755667747274,1.204384971790511,406.8615513485674,1.689033965886291,36.44105571319332,-118.1223153739391,2.3584634161361566
9.243359297388787,42.02511704355114,7.045990194837626,2.1616428803727743,1218.3815076656551,3.1769720047802843,37.57926588411631,-118.90230326500951,4.483049558778525
2.7451579036561795,37.4701082254687,4.955659592609484,1.1925911490876133,1274.8738261899193,3.3048780377216187,32.69185176930116,-118.76843936855889,1.0335841946817494
5.5912562038241935,31.25106917101288,5.801801043873006,1.789495838747153,243.94752498872052,4.281189247993481,34.0066810554614,-121.8473122596714,2.8966676368089597
3.5395397784393636,3.7207478464337824,3.376948253242536,1.0729387199468094,2968.148849178982,6.1268081105313525,38.5960218257606,-116.81296050498027,1.6676548004887581
4.559654685345221,24.192981470185714,3.9128542990303146,1.0993365675172315,454.2130198757296,1.7404252321112024,39.31128056010683,-123.15219376270245,2.846318538997283
9.651092463193585,35.41410141053794,4.122849479582523,1.0,1200.2795886821166,2.941767106952227,38.034708899452745,-118.26676286896976,4.6207548349429155
5.02617592157542,35.554112308067914,6.977432358131103,1.428994586313912,3513.6537889198903,2.6897974193398766,33.8614453446183,-118.29231203414099,2.264430968135861
4.6083133800001175,20.029253539541564,9.6886087052281,2.0633658575956444,2767.4366059663394,3.573336933146304,36.731351571489434,-114.8581157586649,3.3133433372331393
1.981960121578616,49.02629131955956,3.589207045107917,1.0,1134.9380972596766,3.274835072815371,35.873400280450305,-118.73817189895139,1.2530269239762128
7.012905816474154,9.535208644075832,7.619717213061026,1.559237394208371,763.1854054536243,2.609037822296884,37.208782768333336,-122.6293730402582,3.796657755017762
6.601457834687456,26.51833175699359,2.079503228860643,1.0,2828.528550435772,2.518438645937084,40.7681258282639,-118.27246740751838,2.9743719601677965
15.0,36.23508280409196,3.071985943413127,1.0,2153.1668218591167,1.9221025363960544,39.8706836672572,-123.08672355634667,5.0
3.7259917538077643,36.55392610048227,3.375314879240507,1.1195497863248793,590.8930165512129,4.459981566548708,33.29790026319701,-121.96206164700078,1.768809436100476
5.111486165148134,34.08058679520959,2.883476038648181,1.0,495.2716267617703,3.6099057812945765,40.95793737885836,-123.68891415812584,1.8416018272220318
5.205054695257679,15.039698886044869,2.62889772951782,1.0,138.0539869316089,4.336672197055319,36.98178793592332,-118.86706417540502,2.5643434148429765
11.547534694925359,8.966535003017722,5.842738246958656,1.6795336763176456,1279.2533183767396,2.653399227619559,39.566690376416986,-123.15467384706427,4.913293550164178
4.232626323144456,33.432956668162255,4.546569174273558,1.0,1009.5926937477584,2.310042245639787,33.83037269701134,-119.3060562146867,1.925873229018511
5.298442531876995,31.564407923111325,5.764752141004037,1.9283930704329963,3415.883242207043,1.9516476672192304,38.87183549421696,-114.67054964675856,2.3872262003440663
6.4542440445536915,10.14715652475129,6.528577471444485,1.7215495831453622,1570.3520258264446,3.4679617640471787,34.74509716728985,-116.80238586980668,3.182015353689328
5.012653792180658,36.96209642409873,5.50824905757625,1.22693551043885,4163.990691129536,1.9819529761826025,36.66461852283885,-123.22588325774707,2.653983061247521
3.4285582285181553,24.213771578416477,6.443715214650167,1.9415411183852436,546.009170878071,6.293171946251234,32.66019726577999,-121.75790187791156,1.5981216565526164
5.035203768400373,35.0557901717608,4.8171722486671795,1.0,3422.58136681486,1.7805867904990795,33.94030106033952,-117.26337580106566,2.4387898169532067
8.535031525527058,43.70572106827768,3.0808411017172506,1.0,646.18356573068,3.351687826235798,33.37476468467439,-115.05298138975816,3.6210504664926084
2.4207824645179628,9.656149857423081,7.561924129772734,1.1943472472185082,2386.5308465383446,5.622305903597496,34.777569642913456,-123.67081413236046,1.2153564720007606
4.853896597231146,1.9763882678386706,3.9131987997685735,1.2439339250230252,254.99440595063493,3.8176532588847425,33.45017185523106,-115.87548868279406,2.3443306696256183
2.944466102033459,40.73423190618512,3.4067592760724517,1.0,1387.3285901607583,3.222861034208648,39.07314525288584,-118.38186119661691,1.7858468875905986
9.180007093595348,32.09456868278341,4.612789860044585,1.2793046028691974,150.70315763837198,2.0392998562274736,32.775879070987585,-118.53908674703608,3.709541386926066
1.7969447418925952,36.681618050728204,3.437950924002968,1.0,839.5470448335019,1.7285662792089544,38.36853475593748,-114.42186817246642,0.5481503636456049
3.204791044864325,43.74590372442077,4.19137082879798,1.1962790259562097,1703.3530910044792,4.087853614062107,33.83672439284295,-116.52355387403227,1.282931508934208
5.6199744916259835,41.94335767604952,5.683808784308206,1.7304245303899903,651.3397847140145,5.4874238225526835,41.479033843190024,-115.49881131943889,2.755340298035628
11.465177722987853,50.00692749337006,5.69356560333275,1.3928889052776097,383.58543430739434,2.520506828719706,41.364393694543615,-120.46004430455334,5.0
4.308327782608735,28.33268902145803,3.458614147501627,1.0,2555.79464335891,1.9047969156797522,34.642279473949145,-118.45635959171591,1.743479875323418
3.2119565994266224,25.913277265655175,4.075191953841154,1.0,988.84461907369,1.123818462032932,38.33700233311878,-117.8459432257223,1.742194569765537
13.855665933709478,21.496247194427234,7.612055206033759,2.5029828533108707,672.1149301907988,2.0293064055649594,32.76605053498835,-120.78416059637534,5.0
1.8798493859012464,8.83824318505443,6.040942525818656,1.5076611998454856,1143.553640203222,2.870646492169838,41.35199115898615,-118.29751875052601,0.849995756395244
1.1980753881208865,30.202968876983142,11.3591775935617,3.6163275641673067,15316.242444219015,5.69534569377705,37.46837942782124,-121.63344620520286,1.3373226781019314
5.8357843017580375,15.127638740624917,7.941095749848126,2.463887047289602,3475.5320346687436,3.9324139615491447,32.9106199384689,-122.5662432893176,2.910340823869394
3.3160272845428658,47.98668312286175,7.828079672929514,1.8169048404667534,3507.201370874254,3.3940848343300587,35.7537499335773,-120.26029740722667,1.6181029557684277
2.428467280840558,30.742731018131977,2.842979380218862,1.0,1695.1835770468351,2.559858888978744,33.23006988768172,-116.60710371253563,0.923395125698929
6.855243736362409,31.23484920591362,6.723064925443672,1.5544830472689435,1295.284022626066,2.379127236549388,36.23297217404692,-114.83812851926112,3.4455434114877024
5.187648067399982,19.101157704727513,4.848926204590742,1.5285923475055436,99.87483097000964,5.271205262693395,38.864300250532565,-119.42285948501768,2.5116364737106527
3.1948905211381717,3.651456950863082,3.9733409049865562,1.0,556.139773329101,3.2553357401063177,36.96395412639367,-117.57176311724568,1.8640800954112304
2.078855206687327,2.6189320340224196,5.297347037175056,1.3502263201595506,678.1887128832058,1.2955816219362348,36.145360659834814,-122.969628690249,1.2694640218661946
7.564561618892835,22.590092351813073,7.228883612782218,2.2497684562474296,168.19229466766893,2.2946587527419426,33.63199193263441,-114.95536241447671,2.655913456627053
6.620167731914861,5.31283428295913,6.051660132101681,1.3355741285813267,344.6688874936107,2.1312604969471365,34.826920934089735,-118.31395786430066,2.7578286779378485
4.222783390066787,31.949194732547095,3.485496422201822,1.0,151.2847055963081,2.4145052394647806,33.45136123351433,-116.19661752374843,1.2166460149942648
13.57163832060946,45.929623287622526,6.665757265705845,1.3273276797364064,1055.401101132175,3.762803397803819,40.17123795073827,-116.05558799078607,5.0
2.3583191488101747,46.02865564245483,3.8380521418259876,1.0,2486.834687256413,2.8777882987022783,33.78477836585486,-121.43519473631895,1.1829792528304854
1.7944254684970318,34.611315916743855,5.401481390842656,1.668392530430004,3316.8622799486366,2.913204963621921,38.15604698221449,-118.7082554681815,1.143969550153194
2.9590111988099537,11.772823405119482,4.387062957521325,1.0,1660.3512611683,5.080396270388625,35.75603392909404,-114.39520248439023,1.1801916702146453
4.36076887890761,45.012838399302474,4.537850761012506,1.0,418.4693538950285,2.2737161514703246,34.646794654224244,-123.10365455179172,2.368846887251549
5.1862125394816285,46.190765200973615,6.729475392447689,2.160308871503541,158.84594632116688,6.3324031607388065,38.57495017517498,-117.16950101970437,2.8659924273462525
3.8777627064903983,11.029332832600893,3.2671645938245693,1.0,189.2618111357204,2.296708390805137,36.841521939080934,-114.37735921964828,1.5195327180129012
5.535784208673853,38.60873037430454,10.784156105362078,3.7163180051557747,308.28276276709204,3.1132876145943875,36.30138193920331,-120.99422891945977,2.588022022085433
2.1150455427588803,15.612496995283271,2.390650661702792,1.0,450.8525301855997,2.684564619265562,38.132094046476105,-115.38552078595652,1.0411141023485597
10.65744557001354,41.934655929999415,3.899829860604895,1.0,934.7241901806556,3.1561964684303416,37.167042470655005,-114.66342454591728,5.0
4.266139384933713,51.85913289508374,5.743591755289888,1.0,397.7548186332682,3.588867876497133,35.38309998123983,-116.52913790605174,2.760288991964873
8.761590907925388,2.5313262717990335,6.257155360472524,1.8209114057184885,1539.1350683041185,3.573459220728757,37.81108223376989,-121.68671687693042,4.331487704736423
5.50488130055387,46.76565915533753,4.757915783624569,1.142838527374125,869.333214080015,2.2227675592001193,38.860236477231595,-120.65999281173406,2.5134029771177158
5.894689916435466,32.754157213531556,4.840624390934626,1.0,1108.2591299295116,1.9171393037846498,32.753585006575115,-123.6419070558227,2.848062161165047
6.308263043019332,50.64251357740588,5.837017907414595,1.7015173589680472,3429.7771001564106,8.176537041035063,36.92578142462292,-115.68546765754645,2.9965658694890394
5.862787282658912,24.715485393847807,4.51575416797775,1.0,336.8939747278017,2.475410557692614,33.04799120354367,-115.5038881348892,2.34744581490523
6.590529247057212,44.21678445914006,8.647519382050668,2.802136456753202,1666.872805320627,3.9736496331877733,34.27085143364705,-117.67289690033807,2.6261614427044258
9.949193753410894,4.182097498512139,6.929167289194839,1.2315244072384337,1081.4162152560802,1.5792396164559872,37.82483297374074,-120.47472148736149,4.802012470341188
5.042554010378936,18.099231553993082,7.022573458585282,1.232197422917668,785.6518214484863,2.686273486157121,40.72879469502302,-123.2318897236008,2.148174068433506
6.85790673534807,4.417843425311709,3.3653679746412504,1.0,2657.8061899398285,2.8551381947633,40.88665395229061,-116.4694239008509,2.9192580510290256
4.246769530467568,50.742499807432594,4.798218149964542,1.6412462165180794,2641.2673943439045,3.6296129889225632,33.164468096316995,-116.73473806390078,1.2236175589133822
10.634147964499666,42.665669270863674,4.392127002245525,1.2677166231968633,425.60394362111964,1.0110792691115538,36.48149831972371,-114.87397478261099,5.0
2.9866866189978287,44.479918483544495,3.3126863612314748,1.027841465346624,914.0080840805145,3.2105948940846396,38.03856158854324,-116.69467978994638,0.8303716403172088
13.204586874798133,48.8362268031286,5.720554112864875,1.3130216075402243,1452.747227616458,1.896677019427467,33.89716409322826,-115.71305057755998,5.0
4.374994355395337,5.340277792109053,3.994593000824357,1.0,834.6339554068542,3.42033426457396,39.77160605907533,-116.54045382096001,2.1248796284521028
1.8993940964886993,20.66547721818,6.437636901010333,1.2675501141043684,1968.4886258508966,1.984701095651276,39.570234955153765,-117.69312811687684,0.9580011347066005
4.839747979136442,4.622779341244108,3.228195701606866,1.0,1452.7186600970144,2.1335919515299926,41.08173963021455,-119.7303360580899,2.132905597446548
2.978348658600743,11.75044817905146,9.851426284287726,2.5649739606359017,6853.818631313383,2.6927122468162676,32.58061711479271,-114.97882691357722,1.0372735866075324
7.421536634919182,12.69765462892129,3.460686350393347,1.0,237.3939183396893,1.972039353581833,34.55850031789552,-117.4903142809253,3.4112186751309905
3.029584896915466,24.924467763426513,5.407143419767078,1.0891268383644408,970.2599354143497,2.4837914949221793,40.35827378533055,-120.01644678034091,1.664992882013272
3.429072923913725,14.696670540135772,6.798783670214191,2.3097563253171893,442.08292981210786,1.8638601611048076,38.870510482855885,-123.16530704818042,0.8595944894198884
1.4423526446588626,6.1498834477058155,3.9422192569421095,1.0,2006.4202747753254,1.4430108795810361,40.99670361013566,-121.09295144095618,0.3564848888944617
3.4164985418786236,9.542045543799492,6.9656258343501625,2.390119615387559,217.6369069955845,4.513996129591529,33.04320671803753,-118.56273265169835,1.4992955489560864
1.046731449771316,8.511053741156637,3.0292848267311605,1.0,1550.4689464076118,1.7888635373220072,38.17115767430621,-121.24364629983805,0.5083129388343675
1.732660876723556,50.626916693527214,8.853802959637203,2.1800288587786776,584.0295428681029,2.7969447059179076,37.90594246148991,-121.78764652082099,1.717573885922222
7.0727459115142794,39.723917852842156,4.981144609968918,1.079282373489599,526.2824963526565,4.0598922449044945,32.83890695542506,-118.72606485912152,2.80005300536697
7.1812976303412706,50.35583472874766,3.9017900570222674,1.0,258.13992850872313,2.349076703893491,37.378459730668595,-122.30179654104265,3.3424563659785824
5.78503573073093,23.426764811903336,4.394383687941684,1.1607013766231102,688.78147200135,2.1596229366714526,38.29044295744428,-115.99589936674897,2.233501917621637
2.5088244934048123,15.196792564795487,6.845337117820438,1.6231514939659752,3243.7992514521598,3.2887094897381277,34.31728515492002,-119.15631848657343,1.7281869549080455
4.355211553663231,41.71295305766852,3.9204948507049293,1.0,1069.3554004864695,4.698172151282787,35.0966310396843,-118.26137226037349,2.0569902145745083
4.47201225639527,17.638949820098485,3.6702395199590954,1.088390015283729,2054.2794192546885,1.881884924492095,38.5832997898285,-122.52616732402652,2.0060454661925475
2.2366544190915154,16.268552058972762,4.533006296376697,1.3017672391569723,5794.368762967237,2.8290497197543067,36.948859002199605,-120.75423664370632,1.1538838172502455
11.045675358205683,12.857805602599392,3.0932278424492954,1.0,1427.6079848840307,1.5023073536665716,40.6511297468991,-119.89910316738847,5.0
7.586856743538562,7.613627889436003,10.259638068817775,2.0518434462361936,627.1592075496035,2.5669530157000424,35.752626777087286,-115.91787169483497,3.9500205524543737
3.9252164480041327,14.079616111855064,3.948920156803873,1.0737339071834706,1749.7920218236814,3.045551111596071,35.03326675468791,-116.29840476913847,2.653608619202561
4.554571725714306,19.121307172168272,6.907768960192513,1.8446434188695315,636.3214458646997,2.1343243722030008,41.85622643327601,-121.77022525212318,2.0522323826356605
5.078569791111242,35.37370461543225,5.385919421032185,1.2061635244086555,662.2064178017882,2.5022823777053076,41.155789816235796,-117.83820918392992,2.120019923769414
1.3164768021462985,4.1908069531920304,3.3407200908273524,1.0,239.87242041087006,1.7103692667627965,32.77543107749031,-121.56543642228003,0.20717389661716354
3.863963887755549,11.73585392293249,4.941248916315558,1.0512824725610548,2769.044215505303,3.098231437168805,39.821921845412376,-114.11752844309754,1.6642628073392558
2.9766825769360317,42.2602056548755,6.777451265433798,1.2088863882398557,745.4569785450624,4.582651219594714,33.548180351339425,-114.47876121869129,1.0388492749848002
2.457213523865023,8.493018102772309,4.5937444047537435,1.0,1315.665954655852,1.937004005075034,32.761109350879025,-118.36735279479379,0.9609810442313265
3.786112716506047,18.474902472648598,7.9824483752129884,1.3658187033375613,389.1784860395638,2.341826764459998,35.10010740168031,-117.01097428105857,2.266520016194246
13.178832132870792,45.09760501476514,7.452921902011084,2.136111124808039,1695.8640089171129,3.6730357448701656,35.05878585108049,-115.98569617791355,5.0
6.583099721846117,8.901190868315576,7.153243869505435,2.018255415260284,511.8638961479121,4.878492644023848,40.283528242296164,-116.79001579955096,2.7946467959596832
3.181308550852155,5.219578616527684,4.121170772561587,1.4016978548373964,951.7394194879147,1.6532186340843207,39.25133883645693,-117.0017130891758,1.9526355974861471
6.318928602163762,25.711437749080552,3.2157577464639697,1.0,2638.1311064812376,2.8080382420475223,41.82528955965414,-114.41445992050473,2.1133650443823515
10.377222519805203,16.423395075205356,3.8750747690384255,1.0,2418.1530184392723,3.3644090429193625,39.259372552962276,-118.03543893692716,4.112507637371516
7.805122194321495,29.73382658867656,5.357494256233186,1.7510918265202349,1072.7384182366768,2.8839977629563545,36.473427755932455,-117.63697328180945,3.4433758320213648
4.644938917194506,41.99404941465723,6.161465686806184,1.987288536090932,187.14223960115473,1.1154781792025728,39.13981277897956,-115.5073124956182,1.9178001806929799
3.039940471176767,7.994572895789902,2.0779284046136377,1.0,21868.675951327274,3.670896843444945,41.99486113827082,-117.30109132141592,0.8373526864190876
6.813691121085748,30.615653312268535,4.936984498232258,1.3190270344435209,6284.609394666971,5.516450016422731,39.24634788434402,-116.67067377982477,3.0513331280524283
5.675117291462764,26.78094677988306,5.276355906030444,1.821480720762511,2258.99391972963,3.147676937063278,39.735972881813026,-121.65831313803358,2.591850028108759
7.668460913049168,8.348018086673179,4.432582172696408,1.1367838926328382,516.3558803778598,1.988851981761919,41.414467644307464,-120.2873307588493,3.6058225787325937
6.5607378975267485,32.8239227619781,8.302108640479473,2.748532330827082,978.8788031589029,2.4467218334954137,33.57968698246099,-122.52698654288108,2.935311320106091
8.412608809835785,14.955661310899353,5.863296744013518,1.0,636.8789271403436,6.098026700128123,39.1954507877534,-118.94234557665195,4.172483469581545
3.250662666895424,25.879550245744635,8.365170888603743,1.5744119393576048,3881.0303019086496,4.323153082988053,40.58265660069077,-119.44272599319754,2.0418535960257413
9.879248433480782,5.195888538130156,4.543128137497494,1.0819504576824974,1425.8207486325384,3.8806809753796765,41.56659670209849,-114.02837185720543,4.059926982965412
5.045817906247977,24.438786917894777,7.206554772935749,1.9237996095663379,500.6143987859049,3.4644886064161557,34.504208252261144,-117.88791347184457,2.72266246267398
15.0,16.629636870183838,9.526015769661514,2.983982243145623,684.8808632513679,2.3060708720252303,37.28732557338032,-116.13555176805576,5.0
2.9638446955444886,42.941441770453075,8.370196657198527,2.9099191491012686,3365.0164901928765,2.7725612382570377,38.965271052622576,-120.65985329242346,1.9614737433464926
12.699698866689657,3.9059150768657824,3.1999761691217796,1.0,5432.19108798612,2.911973138071673,34.8509434302627,-115.68454668657203,5.0
5.046760085047628,22.348971020834828,4.475103898427739,1.0,5056.003173447693,3.7427840257867326,38.2044922008776,-117.84915033512317,1.9311865714858765
3.031777853653681,24.380002630703338,4.3142958204884145,1.3384425467055503,2337.955398450783,5.493510891138031,34.946998433731,-117.03007668401561,1.3463946961363662
3.3523731551771188,37.97530989125506,6.023700756395167,1.6316768323972282,851.8199099573712,4.69893202756092,35.66784169505065,-121.05569222050545,1.5333674735932574
3.697998084874616,30.288666329600762,6.517829501716503,1.2364881258347356,42.88345875059524,1.7027528377072543,36.69442761685322,-118.51361608304423,1.8817902643311255
5.780554242778076,35.027829196903234,3.541119536475044,1.0,1476.1018750397573,3.285760025431423,37.52730593809238,-117.65963026586391,2.7443512488787927
6.133105894380512,40.62951356823956,5.089275108394678,1.5189554773194267,1094.6295134913576,4.033785794378116,36.76897578043893,-118.10905324183419,3.2695233017209997
3.176500114075746,44.972351656567625,2.20787180442135,1.0,1261.4058050919575,3.84796382610094,37.18535743798533,-114.84806288575433,1.4806566790468172
4.416675415558857,17.007650332845994,8.81784934915193,2.20378938018631,1157.3606003365278,2.335688000567661,35.33659318473878,-115.01727335507447,2.097916243996777
15.0,28.439157973559052,4.035177552006195,1.0,291.1206651362886,9.637326019810384,34.01016839321499,-114.2901594212313,5.0
12.63569698124109,43.8455120003992,5.064956634856817,1.7461362855362177,1914.8767837419834,1.8024848318291014,32.94982478460498,-117.32571993993011,5.0
5.822875441244794,51.462007679217876,4.376022095727362,1.2369812029641056,2063.6185821028353,1.9478469246032937,34.361797863670844,-114.28085869874316,2.5092229363963865
4.5850549340966635,46.36548486323192,7.833512699319851,1.8146136633255903,2169.6882704823493,3.298401748462768,38.028464594304936,-115.6752199996809,1.998013803935357
4.816361637502841,19.944830393843215,1.5920100869739764,1.0,2825.8853806939865,7.00567981357175,39.96809675412976,-121.2916785966004,2.0331335484926605
6.4760501750952235,10.953492378151171,4.920232881733266,1.4574743196414708,2006.3082985463811,2.1501165709544034,34.1078521757075,-119.72564330448702,2.7844788721958174
2.4261956656613193,25.959019407736026,4.747757954333381,1.0,727.7594650582308,2.701125812621973,33.531275898840164,-121.6160755781099,1.402006836681728
3.8403905898973103,38.823714043638155,4.131107145272161,1.0,1021.6386656003679,4.622415801592521,39.618258425217874,-123.95802839169434,1.4034373489342131
1.6468255993094616,26.121022608418176,9.879783694533282,2.5288963975757164,1201.2582970250148,2.9827781700327476,35.39900414010425,-122.11951246853091,1.0071166582366544
5.694688359128698,25.64222402899709,3.473171718727439,1.0,1221.3345692997295,2.627830125172801,41.53924467265985,-123.95939413713124,2.8864806949187605
6.608241378808879,43.74975147517183,6.744440061670025,1.8599886201331481,2975.6496264426846,3.7669029333633115,39.28602072079855,-116.8016153864951,2.9511539101245283
3.3537801834252825,19.431592732426505,5.711610971471129,1.0,2087.387896531202,3.3501569520303813,35.60418244880879,-119.744657022788,1.6687748524734918
11.523541823531463,44.84952841539393,8.203884002856663,2.3051947705431237,8754.677776841527,4.5365894816536505,35.250656104040196,-120.87425272922141,5.0
2.1480073580982495,21.7470448485379,3.7928752251811675,1.0,9961.36092085676,5.035876314559108,37.475134669577436,-116.38279108904813,0.6424725216757423
1.8614859597701245,17.73988838959531,3.6943788707982095,1.0,1187.552306614299,3.3966893070051136,33.25187434864299,-115.67513225380355,1.192989251428154
5.1277711502489725,24.15348547118465,7.678528774521243,1.3467157504532767,23.649558614772474,3.376005109301728,33.61792687013034,-114.2470046135012,2.5254965257388395
8.400229119156087,39.88479489241829,5.87160795150873,1.9771058879557823,3777.5558015680026,3.2727951080886277,34.17064987250383,-117.57986415324758,3.9632914676092845
12.309318964130037,7.426103421063709,2.669857396217105,1.0,638.8205982286196,3.653378013171609,39.85987413639332,-119.38471041459948,4.959570255763465
3.4030409953707585,11.017380009472886,3.9919426583876088,1.0,492.01838228832327,3.0711996635320453,37.38164491305666,-120.94735698392564,1.8130949000456873
8.56092718299853,49.52368610881769,5.780863474272337,1.7670618636182156,736.2389490034486,3.0034349201552715,32.60038766635721,-121.77681790785773,4.177388298496769
4.379326381135817,9.950072996449226,6.924775886702302,1.8815607617539734,701.5954481233641,4.848410156034974,38.89840701098504,-121.87074049517399,2.5264187482203337
4.040722934046961,29.954093214483784,3.774650285182145,1.2991626919691093,2022.8644087970515,5.509349026321701,36.52505669727472,-119.90810625280201,2.1916032720988983
7.615578580322121,30.54503779975883,1.543878264214013,1.0,230.57224043772914,1.6437477073035274,37.35309746715608,-114.0821364471207,3.2157569585726566
6.628600706182032,25.970847564562483,6.106106123093076,1.7481300822115329,373.2615029170272,3.0162322727639745,34.53410431242289,-123.99146302562596,3.269554821546885
1.740486559110432,33.88200767741775,3.0400431944638755,1.0,1545.5862299077912,2.2807908038456683,37.741931169743985,-122.02794102768999,1.1678696149478356
10.869103356578448,12.72116301567854,2.2101590488621614,1.0,2044.572561836929,2.6527886657949047,41.801955777639144,-122.11607017596427,3.973285678339417
10.257968441531007,29.185775656614158,1.5953124811679673,1.0,2082.9525157963435,3.528971553554964,33.19772456455473,-116.82880514467708,4.081759661839337
3.079177078849626,19.980836017591756,6.8592104754984184,1.7682782233490757,499.17848694609876,3.9266056430562877,35.19721529681209,-120.47515272401938,1.910355854345089
5.683016240602026,34.74503024108864,5.2145196773849305,1.082408618578809,412.2930367327207,2.872404323831101,34.808477132177885,-119.4273919540818,3.0345815202840423
6.028017065324673,8.202400712030624,4.525542446809578,1.0,660.7431366454616,1.3974705690490152,34.86121845213621,-122.51375869530095,2.3668472265396576
5.2404336864316505,30.11474825881329,8.63315259766718,2.5097063931642087,1393.9165868798782,2.042106284837179,36.097710396871086,-119.95002961123052,3.0178665841960486
3.221402770464163,10.448788124549509,6.391250037051082,1.7829747478502334,4843.909246570456,4.299934835630136,40.272042955069594,-122.96800188094164,1.4879078949057396
2.9952448442785085,15.210796218866856,9.454776060772273,2.1253177686312306,141.53723314390515,1.0038367728260758,41.17215755466168,-118.66956712111417,1.6984359893519536
4.41349793416022,12.154199816502745,2.837450140812174,1.0,879.4276015409088,4.830600855600523,34.42104333086024,-123.02061634617144,1.7639321452346104
9.05790096418823,10.324726773309672,4.885051121419612,1.0,289.2587334284604,3.7005890003245536,37.65802441050707,-116.09491618826844,4.4762788193858905
6.209995012200003,43.11125852959402,2.5942946020720474,1.0,210.13650064880576,5.085892003049673,38.550540235572065,-118.33398282459511,3.185651108048531
3.5881308084922097,15.571085950705408,4.518802690436375,1.5102466581193357,2884.0667565474946,2.7747823876194855,37.45736100645652,-116.76032126226482,1.6909347691501213
7.1207939311328925,48.283312875086914,4.484171082586497,1.0,1890.5528424222678,1.3171072182124381,36.62372574487074,-119.81483613347316,3.523833278708564
0.8112933532110806,50.466252792604735,6.363925824382815,1.2756525383863555,1718.8891462347135,3.5684989907341857,34.32376730566276,-120.18508706757773,0.4184892088683383
8.928598326256763,30.134283966791966,5.044131823404564,1.2955554075999716,2754.595370203776,5.002117134005334,37.138083912392766,-123.01791110951136,4.7521107979605866
1.57802131941234,8.293057255952046,6.355768687997066,2.0005439766519886,678.7691627308062,4.3487511946946515,36.311540863257626,-118.76144392957177,0.9169300153389572
3.605770342532921,20.101960412358643,6.562529041343673,1.119760078958506,711.4907976156769,2.304637521514196,40.05785194377156,-118.85497835142908,1.4948560349199005
2.2891900458280476,41.68434543075892,11.727909997432848,3.971118901303017,9756.905958727097,3.1102541098018306,39.75424141204846,-119.31897955550394,1.1670253887959126
2.0609996138905124,19.736927163550593,4.366148794757978,1.349203619596475,856.9923102957471,2.4275086693576093,33.772987471453874,-116.5948163531755,0.9748979484455789
8.9934458434755,5.437878133442226,3.399372717450855,1.0,2287.3108679505635,2.1647251769074836,33.34093099934914,-115.67495599967646,4.1270361718912465
3.3850858881822115,29.396030457337584,5.465378871514294,1.5980854842236256,1103.653745105881,4.402424572982206,41.12746246066128,-116.49210325051492,1.0562562109358522
5.517375691516629,44.101163426297774,3.593361046417845,1.0,172.73203619061883,1.8607638500530288,37.58732969516273,-122.56134257193156,3.3018545223861677
4.357278445322517,41.592245744318625,8.960126161162663,2.064941138080026,141.9352540460284,2.101126076187957,40.649108904184615,-117.77940490717891,2.296111581946977
5.966881901075092,9.931280146648016,4.422533776398265,1.3562054445655412,614.627123120009,1.9316793355197834,33.05243564538081,-123.19676894310467,2.711701716479564
4.693099013131912,35.310995335035805,3.95021280778497,1.3531728970930017,3152.973490081347,1.6551654782362653,37.501898356955486,-117.05377712559523,2.305998432317357
2.075505348520376,12.245717435218003,4.101996110852015,1.0,2412.1932060165736,3.1853612877552684,37.624551888474244,-120.18160903438873,1.0978152087221082
8.147898910865841,12.128584262160784,6.601962606098341,1.5456914098884016,2735.520928625037,4.780768078114469,40.67666930915043,-122.67501043733714,3.61211878916067
3.332577571613574,45.57766043856444,4.650158042738548,1.1448146037949491,408.68873249799486,2.790021487738194,33.42729498318222,-115.37949143023872,1.8640717643673579
1.7612976892605225,13.733116589751738,3.831794655670003,1.0,5518.561404191005,1.6449350164748395,34.784232854921136,-117.85991660961062,0.8331670214531022
3.4664496113917087,14.42561467241857,9.64211773981706,2.146700119511124,417.84339107182,4.203753496783565,36.362113981926626,-120.45275032052473,2.2181121789723446
11.028202709946555,1.0333229288262773,3.5167316991606627,1.0,1356.71877574367,5.896038599628467,40.72549401648945,-123.69272820349501,4.6413598291229965
7.464310372433733,45.4041207404014,5.024000002247234,1.442429206586522,1085.3390548327936,2.3198512571868917,41.41939149317039,-118.6268974099639,3.3515232777723774
3.6357256488446112,41.42233547366587,6.429665149716223,1.5253922995695397,921.6137224900358,2.480793064955151,41.93088388613947,-114.76774121513768,1.2898464707774175
3.6344048771714017,32.99377568962458,2.579165651740451,1.0,4182.197638909992,3.692354210460429,41.612338121355954,-118.03620167297635,1.7041614967399166
3.6951419456688472,39.263553960880955,6.00206874456594,1.8798881474220754,541.7959637042086,5.7474110377730785,32.55644668052137,-114.28349395380506,1.3351906474219806
15.0,8.75447693864908,3.247732075438281,1.0084602681676993,284.40371040869917,2.440166663559406,32.95322924381178,-122.63548881729541,5.0
5.635924913777056,24.374503323966348,6.88340272865978,1.7021163012958398,1118.7815677860306,1.763005613727066,33.90226478199709,-118.31694895405163,2.604192266409981
5.800969091372318,18.912188754787824,3.3700904886404732,1.0,735.222567069194,3.8673419734807797,35.81418991931759,-116.01874951993571,2.635343209157339
8.315906049883193,5.782602839107841,6.534576974802326,1.8141197529760194,32124.778238200048,4.135578530198002,40.384221294376104,-118.74459268874284,3.6750380724080833
5.172072586975928,25.792654745961126,7.708574082121513,1.6005345294305566,2157.072972653942,3.011543024621428,40.98023385568706,-123.08933644012528,2.2946999215816195
3.836554554926791,47.95772216747441,6.990657468430034,1.3785687404097395,728.2609449091341,2.4030690617289903,34.27492685979854,-118.17113998452783,2.4306278015397784
3.983616561746522,3.0430150715854185,5.476831056290433,1.621705727292894,381.415156239546,4.471623279133217,38.38680944038723,-117.88262094157528,1.710626217597634
4.293229488917152,15.864506588183488,4.5153360908641265,1.0,167.2871152908378,3.7106772302953313,41.21493885812013,-116.71290751524647,1.8420330002936054
4.382707386037537,11.584587746490877,3.9331167175043085,1.0,393.3819072842736,2.2091896923247853,36.90545149134755,-116.38788484834527,1.9246876216319413
6.934976923239145,13.145479336950512,8.921051995265064,1.3502693299732298,1230.2119760366731,3.0637445975782214,33.48366393355145,-116.29227311789393,3.4152831490114095
4.623571837952722,47.33016214584814,3.7441772950188046,1.0,4570.274974691011,1.749477176809627,36.84922967580394,-117.36555606361034,2.3213696048460086
6.955857054537115,24.871521765948795,3.2712545657188143,1.0,3366.702785223557,3.9525311951253164,36.07005157173654,-121.84188813581342,3.211305933327863
4.2698130835359285,24.78127005993076,6.463348802866297,2.2567459287662963,1378.9737356135122,2.7050126051898267,37.98775096262707,-119.9576424416052,2.5699818065985585
4.6982077875178545,39.7893577652194,3.6022018328163306,1.0,793.8006302366092,2.523673724345184,36.66725750186748,-116.23870027385601,2.1619800130558913
1.3513168875973316,8.879102404251217,3.3871017035785247,1.0,1434.8453558267402,2.964920460462775,32.66478630511032,-114.46573016599187,0.5401603253258033
7.766321313341178,25.85053305910259,2.7802984974783107,1.0,652.8595373342433,3.052995011339057,41.942978467429874,-123.21053035163378,2.935003873176075
5.517324691892154,22.929245920174047,4.083016543852837,1.376895720722338,6114.168096427017,4.297235997004374,37.66363225844042,-118.64463322202805,2.6490801255151295
8.156425862006131,31.442445217879463,4.791837695927262,1.2172803273111352,907.6055053542332,3.8054574692267544,36.99949217710379,-120.87477728675694,3.5741620184360126
0.7883972223040466,51.97744286577237,5.458842063941467,1.2171231835536958,1005.9243426852381,2.821973007846558,41.56886502928852,-121.7460610568317,0.15
15.0,40.241893598184404,7.2465282906764426,2.3527904253163268,119.60295815873349,4.077431516412408,33.98067349207723,-118.94189316480285,5.0
4.1216197244546855,21.291150853888787,6.115088058634753,1.4003432661374726,901.9554724390766,3.526461292680329,34.29775722417986,-117.93910659443463,2.55041812833155
8.713814937059178,43.20520566597639,4.588949414658127,1.0,2531.289505805705,2.532887979199605,40.17614011609644,-123.90227768580519,4.038121874953803
2.401410909849619,9.706126528936489,4.575526295816384,1.0,377.01215298444635,2.8579732983958466,34.97789526023758,-116.1979342779881,1.7008020924847735
6.473159648637031,2.5536480017569665,6.0742771079257585,1.3701100859728632,517.6398165244588,2.831228862571002,40.09265750976951,-115.80117868740552,3.0382121308304124
2.3820242754732437,11.426866995677926,8.240228426266507,1.757944550460891,2422.877149544703,3.677026970712071,35.079568087630776,-114.34489175432067,1.2321585661081293
3.0824928101577567,18.360989361827244,5.209717750831534,1.4871701545175309,250.4709076067221,2.593973718288275,32.815282487137516,-122.19356266775306,1.756072514379797
14.13167613816809,27.039618630437555,4.105582604103255,1.0,3158.337332605141,2.5698212023870988,37.4116398769238,-118.05447437639052,5.0
3.9971857841293557,32.371586167601194,3.3296047377196754,1.0,644.1013630935599,6.602860232880531,34.36852112420518,-119.73374626523605,1.6385488826473553
5.10622163119202,47.44089157793551,2.778518561823668,1.0,743.5468520941287,4.374946069222936,39.69953978285847,-120.6517214844465,2.5032845446836065
7.553723635340599,27.00255448707334,6.465677933419824,1.2172145058840016,356.42420012416693,2.2161240226747676,38.591396515705405,-118.34366548562495,3.6149681413135424
6.033993918012814,26.5650578759122,6.241318196159256,1.4447469164077111,1600.459829583374,3.774909457242334,41.27422534579022,-116.1761690677645,2.062319410361755
4.904981606622046,3.562393500972089,6.239783024379086,2.1052394635056886,12834.241367700277,3.1498033624250366,39.93838939402449,-123.7694721655479,2.4360821212917974
5.578816189574636,2.780489185467414,4.704578678690009,1.060649131501807,2395.8593115504364,3.513527329704147,34.217371570986906,-114.30599887433813,2.8473506349704483
15.0,29.109158057734977,8.695223903919013,2.459138220114014,462.06923449086923,3.1738219681022253,40.10150324831557,-115.9011841429429,5.0
4.329398950104308,23.34710927566557,4.081043037401683,1.0,3413.9340494530425,4.834883619512213,38.59650192573322,-116.48846296354421,2.195501570235548
5.0564235648494655,43.79820014399523,7.258024576297372,1.273106249730337,798.9676477862837,3.4495650059451886,38.855040596725935,-116.39612617819496,2.5582984423624064
8.418171453308602,9.194658820304104,4.876866202687711,1.0,4335.0350798849295,2.930474984713877,40.40649741671641,-120.10939290381347,3.9853616751498455
8.699935047036462,2.2735547679695296,3.883200536417772,1.0,2456.950933323243,4.557964903397082,37.95132865729493,-116.48379449155186,4.262647889235863
9.135959166031888,23.90097716443642,6.27775305663395,1.1396143570723596,57.792466772481674,3.2979927190059892,36.92703338635362,-120.13229791397042,4.931799942446911
6.574760379501956,13.111406394365131,5.834884361570062,1.078298822611326,401.78630474545565,3.153747510930579,38.548089835907916,-115.01293170425207,3.1712793637077312
2.257362400657639,3.53033304028071,5.713256085048204,1.7262709623369918,2819.6984422318565,3.406239990970585,35.33059557510441,-122.2277761669353,1.1098701656429282
11.941968010480288,37.95451262922908,5.116708538861606,1.0,1276.2192461482086,2.893759120538651,34.234672745327444,-121.07652575784849,5.0
2.2528425269737764,6.6912429978196215,4.878524254729985,1.2760366837963577,393.9579005890696,3.015274278037341,38.35758446167684,-118.48662457300924,1.3425439380117987
5.374047124544563,32.02429450039635,12.875789913184661,2.908541490315391,581.9651024491995,2.3757713518781514,34.72155950631204,-120.80788964112728,2.5021310687211034
2.85032918177648,15.333537258511347,7.954220418678317,1.9989751332725607,163.0021482080844,2.2245020930029797,33.259193538792765,-119.75762754704726,1.6154587716858777
4.3124965917753535,9.848298568106124,6.613617347746049,1.7365113662976117,1003.8789371703125,2.0149045920256827,32.50526475355991,-119.07577310601405,2.0082288046205377
5.458955364027377,20.367327668885192,5.179557683197258,1.1015548623779898,10003.494150708118,1.7215183882741665,38.27903431330064,-115.43646651186492,2.7801310435869584
5.434754390817888,41.873734587370635,7.410240391195517,1.5489015777867796,2452.6721698086394,2.1130091214439886,35.94041344306225,-118.76807746391307,2.8841509522393634
5.77277241240347,20.99677242213321,6.093349378311788,1.8077771472862807,9802.73788036885,2.8018871889831547,39.646954221397834,-120.3754015138544,3.122969719380113
11.801501409080203,39.289252109763844,5.005222669106917,1.6229704667690803,2650.217761592438,3.130669980668881,36.06417578397448,-121.52263835964884,5.0
5.88331619048512,7.399801136756685,4.386686988668998,1.0,3064.008617488249,2.6952241534953916,37.11703275826315,-119.91324021207802,2.6290366201093445
3.8709734730186076,40.41134240291903,4.795284623341767,1.0,7895.74027823554,1.17083667952979,36.367307241746154,-118.8426389558563,1.8075108342203343
7.992089987443694,13.08359957023908,1.3935155204838,1.0,1599.2071582847532,5.639720700551474,38.68046051553879,-116.53885142796764,3.2925966955861186
9.14934501216053,35.547049624332516,5.388356035559802,1.1853256720058614,909.3887572502464,4.639432483448661,35.8833220391422,-122.78951223827661,4.5545150867434865
2.145634495887796,29.854859296890815,4.073935835621451,1.0602967102677274,3079.915734368262,3.5905447807030426,41.65579267445193,-121.78390811760849,0.4373165685435934
6.413723823204276,48.386380577796054,9.365830369712324,2.0783585758903116,4693.060640181577,6.443012878698791,41.393396372686034,-120.20345984131326,3.2856774832787083
6.825759694231232,20.753448416741016,4.99150580277366,1.0,678.6023784548653,2.032068730088182,40.55626507524417,-120.39601594880486,3.4802723535031643
3.7488978794940078,4.374424630556463,3.078414316738213,1.0,532.9517622153187,6.392018151940625,41.24285257044111,-120.08251912394789,1.1410574969842142
10.23101801772938,1.976929763113898,4.855188555380932,1.2382098540021198,1259.986181007329,2.0419686546366043,36.76682704036421,-116.06478735359676,4.738112626640165
4.095818797145497,43.16978660961041,3.259427498419733,1.0,2518.7017443271216,3.305193998660108,37.59608876950018,-120.75845597037826,2.0552400940216593
4.8324127257538905,27.76151752073304,5.985638198265241,1.4387906525966454,2435.9474312774237,1.804827591315989,39.54987962930332,-118.98101819597335,2.6211258514490248
4.039645357931372,40.53744664358241,5.564343151778726,1.7215493500261303,263.9691921175727,3.0218754187056645,39.11338628691614,-117.76092967142104,2.5438554562085054
4.523777742674373,12.95570560058725,7.2654908067121475,1.9477707058414746,7417.564643040147,3.5059677894752608,40.96144665825197,-121.67821449816395,1.4701419925147658
2.3215497256349136,18.59927102117492,3.6097816412325785,1.0,577.5731324198741,2.823914004621851,39.3051447589386,-116.8130461285246,1.0252413378392002
1.8888524407181309,2.535297482777266,5.020870065424932,1.3034394559431628,841.2888011555658,3.9970275710288448,41.979904728170375,-118.5288868026172,0.45838701050085257
11.666284765910364,50.03610855327972,2.8690796010218627,1.0,444.675872342321,3.125535972852881,35.81080509840012,-119.53218836968622,5.0
2.6961455824278513,35.061263241741486,6.557424458107217,2.0232322089344006,16290.360572405325,2.437649142412957,40.41347855127447,-115.90215973261687,1.0400060612048116
2.4723388126231955,48.593459475724615,6.09548584719795,1.681278336437416,1396.9836706057517,2.3947400177405953,39.12753081691031,-121.56504740814817,1.52936726862242
1.2311712250933584,14.540316778882689,6.039504718952078,1.090321648868937,468.26057226515155,4.155220556323588,39.06817122954268,-115.16824029385677,0.6624316777669687
3.054521498497683,32.184644172508705,4.956241109198049,1.4473941540852313,2601.708308446714,2.3129024046259996,35.59543815102749,-118.38951264633296,1.1379644417549484
2.026167593860803,35.60349838292453,5.846885675439926,1.6691009187619994,2366.4252906884617,4.332571251088746,39.96321702801871,-117.90825120620342,1.8971699186652922
12.003629904423752,17.195034713137012,9.409648916872621,1.457417016051874,908.9344473223421,4.899262664360807,41.05357221230219,-115.24941035831057,5.0
8.214412665882632,44.25357098579713,4.419215966379068,1.0268027683036889,2541.7464761916995,1.5411277522281956,34.576210384445346,-115.82417312150665,3.9048555302958485
2.9656902150397655,49.30523460791264,5.235477606446115,1.1339523533733589,480.4427329824717,4.726431863442539,38.44221995260869,-117.984379311781,1.2985245111280548
15.0,46.127611002496224,3.2076849588270226,1.0,669.8687013528994,6.849454947346656,36.22528087647636,-116.46812296151826,5.0
8.077313197682154,38.692415772908,3.4997642719671473,1.0,146.90459249691355,3.3227790780489954,41.90070713330133,-119.66680509767103,3.341556819828332
3.6880621956958057,15.150698665972655,5.150662345781412,1.381275704835805,291.7942456707919,3.817644747101885,37.048911750400976,-118.52622246500253,1.3272884263244908
1.000356634654879,15.362418147387219,7.702719271667983,2.562241722963822,6685.062278650178,4.548521020794334,34.669041651070955,-123.37929863291488,0.2880590676733696
15.0,50.131376342747934,4.47044372170422,1.3838726794557736,5661.41210005345,2.690715313136018,36.12764743960741,-123.10142081999953,5.0
1.9469353481187508,1.5245092927202935,4.507007412067938,1.5066544812172395,1171.2052767854584,3.231389044133161,38.711464703257946,-115.70574595813667,1.5565088386916412
1.6698950027141921,37.51854863534937,4.209087600344502,1.4550866065075738,5784.466691330412,1.7759228230763904,33.22284902782098,-123.40328344317503,0.7945693820506949
8.277510502221531,37.01855429031837,3.9992119598056366,1.0,934.4195303953943,3.175464787556148,38.23421824210176,-122.30600874367393,4.275256233786687
15.0,32.757166588439674,5.573306934160452,1.5301416948885729,859.7053355311382,3.6665266544742985,41.34663521219953,-116.04167341049559,5.0
10.28373675047962,51.49555115043015,2.7212652617976776,1.0,1160.3890879030314,3.6930962899527895,40.57844648274958,-123.98854049371744,4.56762716767621
6.286129075887062,16.905851223949988,8.26786100655672,2.6620106333743987,967.8512466737541,4.600522525017508,33.142898598250845,-121.17595671154136,3.2136938215827966
6.40355051814834,18.338565053455657,3.795556653093992,1.0,884.3064597096384,2.2035707851499304,41.93720384802115,-118.15961342173378,3.0868260385487685
7.478627869614971,5.025909550274333,6.611174967876568,2.288827765418751,3440.589517837951,2.427731536638831,39.13790577518685,-118.04550068530703,3.9054754384863863
7.066442380318907,23.58270496373061,2.9802302452592273,1.0,1274.2788044104716,6.412203287021352,34.04166783098322,-116.22847091770527,2.807850370323107
5.305345272920136,14.313474837977253,6.472329254950919,1.9980564569113213,2236.0848134435937,2.828845422500555,32.61795284710952,-118.94073745507829,2.259217416480187
4.77083175764555,18.512721811059855,6.480371526945501,1.0829991100082121,3075.9852187844413,3.2544181858099335,34.12718504477544,-118.9059813046903,2.3596631064784943
4.3164966960090565,43.56316130303701,5.775823414274924,1.0782975814059592,1616.770298954024,2.9247119093696368,40.46267124651452,-116.746894244593,1.9772181618345497
2.8508615495345375,48.70971018990228,3.3275243573657005,1.00384999255224,415.60225042468886,2.162635613879083,32.70557358697906,-119.01375536733717,1.2970489659220914
3.7870787892041724,10.472386672264467,5.472958206566258,1.0,283.47788442327465,5.751218148913328,34.71489938437182,-117.91508913436382,2.0706429121834162
1.6229182401077888,19.99795550922676,3.0856968837895082,1.0,1272.5533015381895,2.432499757123972,39.694403155681314,-115.02225931744948,1.0431881464586725
4.224902670277795,48.360158667885095,4.476738186887636,1.0,924.0292206068711,1.9137904236638723,38.06805009103228,-119.98548992387629,2.7046918162577134
2.4764976786867363,4.152231495150354,7.476503531453606,2.1040657938833016,1196.7818347483103,2.5085474716461627,39.93598924842182,-120.14874929080777,1.1503382287711312
2.3113838390050345,5.710386933680304,6.811965994770626,1.519196373118906,1079.1683322664444,1.3489379772173924,39.58842978635448,-123.96451008135229,0.7999778729050848
4.992498524138605,9.302340449517697,4.983204594803411,1.356921481174301,14524.231334774431,2.3151743873425557,32.980713177657144,-117.86573738478768,2.112536147105598
10.331540200825343,31.355854540470613,3.3537441204560356,1.0,289.968919865254,2.0395894974335964,40.97885848139444,-123.70228092592868,5.0
7.7755948532975925,8.674085821305871,6.412409420055265,1.4010796773374392,149.91279077372045,3.8457608062542796,34.656802425681555,-118.95851510271683,3.5247778275015142
1.7466499479350028,50.371895453987406,4.991580010816672,1.0,1529.011662630426,2.29477386336469,37.75722818218276,-115.95766210967773,1.3230355109348757
2.4749572374113575,23.78244089018454,1.9579025265281451,1.0,752.6327894284746,4.2850043800512365,38.6207374870139,-118.50078929480337,1.3687847718428248
7.8810623659209496,26.577415977858486,6.773730238483089,1.8139182846852409,1504.277310853583,5.256122550563416,34.10196800340841,-121.30363834783324,3.7504752853522922
2.485583805822702,13.579589406075732,4.905253955271689,1.2465774399382796,1966.2491504061977,4.106085471050108,41.77419693865926,-116.1383157855063,0.8650775717197445
3.9165850366629305,25.018972874171407,8.012321138529732,2.3911987376633292,3960.4173700773918,2.756177302778358,37.13748158282944,-121.30282995917462,1.8457395351367316
6.234081529218918,34.75759526448759,3.1959736796384646,1.0,242.93020494022403,3.178615735385649,33.04760560817524,-116.66968219054101,2.018265648223911
2.506765626275712,39.31003398465618,1.3900204714855566,1.0,628.4661084935514,1.6323260529638446,41.40398942538948,-117.89741544809769,0.5514100665596866
4.7741946674992874,39.44727221820556,5.538000656747604,1.27162150941515,1683.7205870911403,2.847633364795458,38.069544510336044,-122.30003703251998,2.3329137262341986
2.012916575744647,30.472446747398504,5.565715070222742,1.0,2369.569555986352,2.1293667025661467,39.14233538082308,-114.94866125155815,1.4479609788011838
3.1242036341168564,47.12234852468672,2.518670918144996,1.0,9832.510284627526,3.965891025185342,37.489170004375126,-121.99356317042805,1.479484049166747
5.4296200574035565,42.68780021261158,3.348793667236849,1.1560170746082348,2851.7952040345795,8.40730487314756,40.43001057038119,-114.1041292585933,2.212113601633312
1.7232357265471632,39.609453849629894,14.91081960601182,4.8417088634913386,1036.092188722364,3.669034888746973,32.814767890835505,-123.9268951134506,0.8783209820135252
5.83739620889561,3.835881605703492,4.383097886201655,1.0,450.1425214963815,1.3546511135706487,35.0495944701329,-121.36516622857097,2.9404030107136685
4.429192646657898,1.350776073202115,6.635165364615167,1.775298747327542,623.7253624958548,2.5999908423138454,36.96165938582558,-122.00139702725801,2.668681900327047
6.24320687503831,11.83481113696912,3.818035674600695,1.2197071914756208,606.2528704739611,3.155024843061899,33.22773435498024,-123.86006589829537,3.0082733445716223
5.1261171432377015,34.83970328958607,2.1465863592449215,1.0,2111.6684075816206,3.1109961180611743,39.206113358603254,-116.67632099852685,2.5308806839389284
10.160262292258775,21.971071933009835,4.626944436341422,1.0,1417.992539203776,2.2426871103573975,36.23980243352859,-117.06574197900403,4.358529841920675
4.831392370508758,21.522719224264897,4.453802278191162,1.0,291.8822388041923,3.3138700210080674,35.090345907547366,-116.07649035645069,2.2268894678036184
3.4637668273879596,46.1139312997103,4.220901389019888,1.0639986776502623,709.1723110389254,1.8275927527127451,32.53209904467992,-121.43301453535435,2.0463828012200858
4.822914926563337,46.67370525472378,4.731033444259443,1.6269450383398312,2637.3965478509067,2.0586213494718053,39.33838796162456,-119.5566483291703,2.6946094075837754
6.208869395301266,47.36793846673287,5.505278221382666,1.589054012333836,1558.7856302832502,3.8896495229426966,40.42118843429219,-117.40886478378452,2.4297519510468546
4.615019264160608,17.00778190226639,4.664372064219803,1.0,1936.5137822317909,2.001175399431941,36.25288508897424,-119.60231496111857,2.273782955208104
4.59218072495391,36.243846449702346,2.98738234131271,1.0,1608.2818432891602,3.7258113574607523,37.86007078181697,-117.02674229682084,2.345376145440109
2.941162723396883,14.853292244992852,6.016308809068571,1.8305499655950843,5577.136405157178,1.7370955426276795,34.66302294633118,-117.66026591559557,1.2212684500318967
3.0109614593558325,10.72110148679694,2.2710704810054954,1.0,1388.5885295242929,6.085630603438019,38.410877639661265,-122.85352196977823,0.6733345731865895
1.9317703010386291,10.41625532471583,2.1811603745356387,1.0,745.4419039015255,2.204039980366569,32.61530585399441,-116.18956878923032,0.6052449597502468
12.803851779251339,18.447488664043295,6.657021736885026,1.856541070128361,438.88830881311566,2.7470658303513704,37.14211702243821,-116.79323640907482,5.0
2.124809303383333,22.92783860877091,6.066659407537327,1.0,1407.555031786496,3.4289198684822977,38.61995207748657,-117.44165612382595,0.9722785073305246
2.9572414206716173,43.378407723808486,4.840615364006313,1.5282115654158246,95.51621132979936,2.3961421798546225,41.222821845682475,-122.44906393728998,1.1843952206671178
2.9123363854912347,7.114445767108317,2.8343725731428586,1.0,912.0647616800507,3.1815305448939757,36.1226902626617,-121.32003551204636,1.3571811644627678
7.667224045203284,38.481218217139606,3.731594505692111,1.0,892.6192695527936,3.7815829424175567,39.769306928319786,-120.06822968412399,3.529426122664294
3.7547818701574953,28.104200623654574,4.4588964421763375,1.3008176873879298,280.2071486880335,4.411634664510561,38.178026784463256,-121.20070378343557,1.6310225818960518
9.474890968351067,15.685212476475616,2.6159894810208013,1.0,433.43167066668167,4.123073887561459,41.30661507278826,-121.72189709323868,3.9389894650626016
2.9918909894875054,26.133798811174053,3.685434896746392,1.0,2464.2863469764875,2.804641755668255,36.28458791876459,-115.94642329838224,0.9988715054733938
5.298355542083825,16.297045558628156,6.429727354626485,1.2231097291756416,1381.2052258617498,2.833031360163902,35.53140572879339,-117.61767753639798,2.738209274843167
2.7149994967971867,31.400179717153605,8.766364179806,1.6281397843024743,1214.136415238498,7.687867394998682,40.927848987594366,-118.3452786844975,0.4672431105228051
15.0,23.126040065617453,4.188011751244162,1.0,1489.7260663230322,4.392750758381349,32.96782181337875,-121.74047289146746,5.0
2.1977650300969307,9.384681983022816,6.703269160016134,1.5664862958905215,1203.0648097307148,2.0777187509184514,33.79566123286993,-114.81923437731359,1.358574313381625
5.397265444478497,6.945736802340533,2.303376227911401,1.0,3800.4036465832987,3.1267535615558257,33.282842128548424,-122.08816960902683,1.881356440728188
6.555249169092867,28.88147978567864,6.448067647877581,1.5820383953147383,1240.6977248744442,2.6272633273509642,40.50954458747582,-116.05049067175322,3.257180566281759
5.7447101558044755,47.02306469759127,3.590963798826912,1.0,255.13348688735533,2.84586284535276,32.60077052201803,-114.33327333294707,2.81438240446109
4.010145017675285,18.54184201444196,5.6009613165778,1.0,5597.8057236560835,1.8371251603296779,40.685742977221956,-116.72907270775764,0.7818255293542002
4.145848947994514,38.38300546835379,4.485720067109435,1.215721307968347,1588.1740948710087,2.5478011835860372,36.787044056027035,-114.0714122481537,2.093076991659936
4.601060788878603,34.59172910192812,8.399444762091187,1.924724081950884,608.3475027110222,6.200452723332522,32.538240149112724,-117.48948883022054,1.226764248877986
4.103329835221223,48.50930062978353,3.4911309587373798,1.0,313.1236879669938,3.7872134846246284,36.315629183514396,-121.82539656396105,2.0607497019894265
7.991092389955888,42.870031882256185,6.36645321272127,2.058835899381839,1629.3137957474228,1.109085095028205,34.27460798992784,-121.96180506283488,3.823657029401887
15.0,29.896868204178613,4.42910270855079,1.3258459677148193,975.3808352849073,4.887541405548995,38.431804630985546,-120.75435715744524,5.0
3.2075420553723264,34.508555409939476,4.649119323172929,1.4949387756140082,5293.03342103072,4.64528073787395,38.953908504255644,-123.92869979778995,2.1511899799685943
1.9701668059818227,46.81770979578578,4.60185021250642,1.145844867682875,775.9535959278791,2.6020143063222156,37.1315119188475,-117.18301529917166,1.2858829609227485
4.250475125781115,21.375458013933674,3.5315284228112493,1.0,474.6697078722559,4.002444972505546,32.88493549167686,-121.31332215372173,1.495263307202262
15.0,17.666529998746647,4.925177987856534,1.4245795965501509,2685.96734153482,2.130252070491511,38.733223641488415,-115.84816767707247,5.0
2.767087323507691,1.5513652653950132,4.830455217491501,1.0,2766.344057837823,2.489041542025487,40.499368444252454,-120.408273494407,0.6352167398852961
11.982773578154283,43.15410478376467,5.4548007874612585,1.2995841074017422,1298.0927718244934,5.47076545880551,39.34308063460082,-119.20043506536688,5.0
12.263415596016017,41.85001572057161,5.123316884358843,1.0,2156.748511235286,2.6947568672355877,40.38460023007553,-114.34311083439631,4.91279082435264
3.2150633273969564,6.327180423107721,6.815489025800696,2.1472994257930926,1056.0733047752785,1.4220611527710418,34.40484047373343,-121.57827876952723,2.1444236564230206
6.305295573312352,30.41972643776771,7.166400071291699,1.2554682144900209,1385.567526351952,2.9290516769255017,40.94443542673658,-116.7874590257026,3.0072391292735805
11.905946412951968,24.663066606511258,3.253562895044454,1.0756913421652243,3515.6892828663463,2.9111978908900595,35.56083778115565,-116.44882210694583,5.0
3.569849205013819,7.054163870964684,7.011200910175099,2.2635390135617457,2049.4327653638916,4.851788635315008,32.62734573539392,-121.79001842476364,1.571769948919831
3.966371845164005,51.0089795800969,3.081650805323174,1.0,925.8623390551121,3.021443111887122,40.51222064012617,-118.99003163387805,1.9579202066656385
3.1613256579280606,11.949490260631128,6.266026083689729,1.8727500293610777,4240.186554352572,2.5379764122718327,41.447302055164904,-120.49798074687031,1.2943630935518586
2.4379218158741067,4.4289431846186185,6.3464494442048265,1.7382227855204513,103.04281971297624,4.5631923625543545,38.72780287546481,-116.28093756599911,1.3678176586573059
3.0356739918691704,31.337216354597388,2.305905044306711,1.0,8536.2178281861,3.1528792816265225,34.69864798940253,-117.77516680970963,1.3648258358553929
2.150361225618316,38.682200533784666,5.140712551789227,1.2150640630757341,199.14653392032574,2.2255207370829324,34.89157241068404,-119.24016945139454,1.020709947088953
4.574283529800781,2.654615748406535,4.106625128841164,1.261397942897061,585.7582578678712,4.768343758746158,36.932632297638385,-116.20636734952282,2.1788755153627175
2.8236095856459333,34.59459957507813,3.656454261482182,1.0,1052.66725474691,3.2461338571345792,41.02939525621348,-121.64844429991582,1.2516006635837875
5.156569573516685,28.146885673524178,8.502335855553714,2.8754318096980835,947.2085865415137,3.0076841181843714,33.921177733401805,-116.46378119415641,2.576537999519169
1.7620230555047165,6.266515452627469,3.813427319664694,1.0,3000.1304199637357,3.225743145981563,40.34674986104312,-115.34625687907176,0.2527762266849484
5.465896430244646,9.798717724264465,3.587477209642899,1.0,380.7577634248652,1.9576262678149365,35.26737668269893,-115.21378403192428,2.1615038951770016
7.389923454815184,29.966689163120105,5.105293670434035,1.5673985317003187,1423.3475666360675,2.4325461071381533,40.18156860957643,-116.16326406980396,3.7231282521322218
1.354941953213369,16.114238289177706,6.515838455894191,2.048029272080139,615.1018733304522,3.008474202388105,41.24257637721462,-119.91985833001732,0.4545748703144597
5.609344915768129,48.85410216121712,4.680198696736595,1.2210536505506038,1473.1245663813315,2.779120531261283,36.56119178394604,-114.18191977282173,3.009400480529954
9.361461256800057,42.75575170368659,7.897515515235228,1.4686185316218296,1027.8533088913357,4.997667747572035,35.96798121400254,-120.2040635617756,4.297235786826025
2.168889724207433,51.16192753219681,6.125070489079035,1.4917710006542722,1203.4354886649965,3.2771113260839435,40.12110253022737,-117.61374600897574,0.7243294117055196
12.225738372464534,14.243212786471114,2.072416819975303,1.0,632.7498532718861,4.228983128709696,37.53008738260424,-122.38925821930532,5.0
5.762730489032595,50.455905272696825,4.007682782618964,1.204698377671433,658.4812519293952,3.015477347412173,39.00226596040037,-114.19551101363608,2.737196120711878
2.935837866204221,22.99292735936945,3.9561176788997283,1.2352285953686737,1461.578820054701,4.58374061750904,38.4168777511312,-116.96014078135337,1.2630609985136472
4.334206521282461,18.723458561001486,5.999909473545211,1.0,2817.8106742322843,3.521936930544289,33.95244403362557,-116.46622454753631,2.4255894174576325
6.265110009134568,3.5678258754370153,1.7333798575449089,1.0,602.8815034967,3.020336334288401,40.52550842275083,-123.34223296588856,2.665712593919758
4.6908004280011575,3.691028150839734,13.730283715631282,3.835200881672966,460.0027443424032,2.9882465116398276,34.35986355842479,-116.36582185779328,3.1125361296072125
6.191971883308845,36.29257405327939,6.125194052426145,1.935601359279521,2025.27377042024,2.0507889022410954,41.356680368672414,-116.25276570779398,2.863761287883835
2.579500676989381,24.35437871613542,5.2569484802318325,1.0,1061.5613838604067,3.6794610514844353,34.8804272685104,-117.2822727363777,0.6156586237943421
4.961045448438847,12.552602927841392,7.9456696850923265,2.546490015171552,2516.182457288173,2.956239750484224,39.471869246100546,-121.08090386209656,2.756367452995679
1.9189368368310697,32.31248562258686,12.647525977246689,3.2843119152649525,443.2805151225815,2.45764411912382,35.20422623818912,-119.10309957839118,0.9807782928431592
4.192362272246052,13.89576403075567,7.016739544776952,1.3294110797321417,185.03797505422224,4.676662471130656,35.51896138157521,-122.89565628691284,2.2291726581634355
2.6055803021064703,30.459219471565554,7.239305226401491,1.5452372532697136,643.5475507037374,1.8219613572552507,35.4450176014319,-119.28412933540848,1.289529599041413
2.882569357488606,19.319646096117207,5.218844461110409,1.0770959650829561,509.61084770414914,2.537049119864978,39.60497641324779,-121.56176147399596,2.071144121304104
9.408898638345255,43.00116355720277,4.68042865485643,1.1989938653831032,1013.5472646890814,4.531656289594607,37.78974362070923,-120.50903013505918,4.937002876319317
8.626044632168695,42.855504199105745,4.094652370112075,1.0,580.0734803239305,3.4082848096029505,40.88804833055122,-122.37399591596301,3.630251043754995
6.4590540329515616,25.344870304242466,3.559269059131703,1.0,2300.8110066157337,2.9472025400750237,35.420040832438424,-121.69945632253103,2.9999595233710368
2.3270755283768465,18.891774576085794,3.762916644862218,1.1760567327458256,822.089884466519,3.321449942505419,39.073928959539074,-123.23431358179884,1.2144044051267817
3.7067479548647126,19.49054962451382,2.8857291728957457,1.0,1274.7106603415884,3.227686634553517,39.65301169679955,-114.80098633563078,1.9240255144598768
9.279972839237388,42.09144080907911,4.8049729830204,1.0,1283.8704178004964,1.6377690518203716,33.9390800737846,-118.69589312024597,4.314655312342328
4.8794384825041694,17.73715362267821,2.5247270783656677,1.0,1332.6904763286136,2.612467679838751,36.30559889453821,-120.03258028737261,1.9986312226319294
15.0,11.662028059049147,5.346096185780569,1.3548300293731124,1070.4890611680062,5.735119927124497,37.08676619632891,-118.64970787231216,5.0
5.674546814123357,5.319105435640648,4.8815742340205235,1.4777603835255848,1827.3108613203206,2.307743820317653,35.87903020399656,-117.71706771518447,2.71620033529249
5.029041804763134,24.801349165104828,5.252867507263029,1.2578857198854423,494.8946275018341,2.645022559428175,35.56006966170681,-114.78121206630651,2.872428454781532
3.7230012158870225,25.588737044911937,4.019459223207854,1.2378846107025527,4444.47898188543,2.4189938631219485,39.0209889929776,-122.21307047713687,1.9063607267462448
4.855560499018821,43.88634423054827,16.958075449538487,4.640903983194844,865.634372394007,2.901401542239813,34.55073077776514,-121.04447501364783,2.682073718472559
4.089890095475057,12.283173518749262,8.533899088660734,1.473121215938455,295.4355954824354,2.379168049334675,39.239212079885725,-114.24210663655886,2.342016975724934
6.854224695354316,20.430554957088397,3.0107312816463465,1.0,1323.5507377746492,3.6498884331363333,41.38291986571194,-120.28807013351475,2.72619976750542
7.956756087325032,42.22869268357824,5.436563952725954,1.2906769524900439,468.1644005939511,3.250878816663848,37.869376451188636,-123.77438349242672,4.168056637039344
2.796605397640697,43.00480414819765,3.8837358674476468,1.0,2133.10626025475,4.093576533644698,38.308625249025006,-122.52356507362842,2.223259931467161
2.016292094513395,20.615164874917177,3.3009427494246406,1.0,9992.654739626172,1.9731347732957014,33.15486067017885,-123.73661298251449,0.5912163388999785
1.4892561634397254,24.415325187620727,2.8978560531104285,1.0,499.4102530851314,2.621807084284288,40.71253058436937,-114.10076857579271,0.8019157595129178
6.078723942957023,16.46758043331343,5.887825098834265,1.3402257040277228,1529.0047816414133,2.744807506470209,35.211753978398725,-121.21129151008778,2.7221026573238682
2.311692722063881,48.56029879938492,3.771406112167678,1.0,189.51997184582862,3.6047728679966786,38.34298607252137,-114.76457243063774,1.2468186365597433
1.2315402776666924,7.050832052820596,7.294571268198666,1.4251215720667996,1726.5927373139696,2.187395400336174,41.80156561257562,-114.04113724240284,0.42019991112482535
5.658433927748923,48.62122057307497,7.370701507116616,1.9539744709029,452.27309967695237,4.333005974975254,38.15727470544167,-118.00158778856886,2.888870931507075
15.0,35.877189043602506,8.581131266788603,2.013886483677732,587.0825155389942,4.828646671692014,39.38474013091159,-123.66803684934439,5.0
4.465394003390968,28.11017978702329,3.52205735094106,1.0,364.5681528210101,2.02273602130842,36.730536373125645,-123.18408369613073,2.1325575313650846
7.411956686235784,2.6656121000092896,5.990328453580008,1.1030320474520074,2280.5028047954725,2.4685991451607068,33.07347551339304,-119.18410944892122,3.441045678093509
4.707220540870203,25.255405782922423,6.378810810577676,1.802532335357661,3002.8116862429556,2.4283873539189953,40.07719382015299,-119.93827987088514,1.6541848672276849
4.223508615526015,21.795153355139348,4.0973020886564795,1.3132170660124156,1122.5803683117078,8.610259711060877,32.83248899200786,-117.93822694218233,1.829472708347144
7.779140758918141,9.222159410731251,3.6374803013366463,1.0,462.0038824714475,2.529546298284607,39.156249374434616,-119.61152190288637,3.909866483415309
3.7653291214490068,34.476889778533504,9.429171796312405,2.3412901845868177,5375.049359432132,5.877022034277419,32.71775494492155,-114.65923150728516,1.5849091891658504
5.261601186165438,50.52869627578258,5.424893946986295,1.8721605525129836,517.8004167918377,1.810036845965145,40.691899747478374,-118.65260284586489,1.7041606190525385
5.435865120535833,29.67162936429078,6.3877819808456895,1.383902414237972,126.21258907350891,2.022106143502409,33.99754234041332,-117.06273938537558,2.613491485165351
3.0016007443500743,37.452417098641234,3.565019755154897,1.0,1734.3517821159069,2.282698252347904,37.385579206704236,-115.03514727357503,1.5833398022893688
8.127272730042627,4.490973080866856,3.0413035212263866,1.0,363.29868744718215,2.141966378137752,38.1729316925899,-122.53128124166793,3.9674653132809072
4.035072002234911,22.301016786666732,3.9440972344557306,1.0696510042319305,2947.193950696034,2.6988898082891306,36.84668137004741,-121.70265345881471,2.604837233992226
2.8478174796778553,6.934282743389289,4.713314825258237,1.0,749.0923722327576,2.262541454627542,35.73725314881443,-122.92681339525986,1.3419634296958385
6.183632649507801,32.252587612362035,3.235915858870494,1.1061884103415538,2005.6294699014559,2.164660124823621,36.94423581371923,-122.60361600770088,2.720412953917524
2.6140982770682175,48.86259006892188,4.933566115385379,1.4461887193699654,4453.743896728201,4.774975287799391,35.45844966187101,-118.87416033065767,1.0507964451129121
4.558112873877189,34.75066435605356,2.520854483424845,1.0,327.3864035051207,4.901383190243872,36.662162297268196,-120.78820741032536,2.2662987133883856
4.457234925965847,4.916955464035498,3.16445558901874,1.0,622.698759102852,4.391709677063587,35.90967341448129,-119.76827160473245,2.2286153145497827
8.598066389067231,19.087976454239225,6.477693458975165,1.735670802758325,1016.7117531827874,3.704689991484846,37.87894582331788,-114.17510168205938,3.9892035103745536
5.958501002096133,29.083832351483426,6.306092364584578,1.5133521653941504,5102.833838668093,3.1177052247333883,34.76027954132734,-122.43295652204051,3.1046870013428407
4.414894000199708,21.563595562795864,4.234432402953708,1.3621096710616822,567.7137225437568,2.462526175700336,41.892237271683115,-118.59187929201924,1.866505627119111
7.320361994274204,43.51584453423379,3.296608709807053,1.1253538655663593,605.1620685459301,2.051840095490628,37.25826455713057,-123.01128844946349,3.5520992628288237
10.320420748340705,42.54822124020945,3.283922458448742,1.0,1768.9484899395186,3.47362348589204,34.34453973543784,-120.81503686736121,4.45185060308146
6.2631683533801725,32.20338202526429,4.266068604547664,1.4347087761295552,615.7070451089098,1.878639496858679,37.03213412088909,-118.72474076325402,2.930121747702064
4.509614043461027,20.046355201767966,6.409667494525014,1.7092441225067692,1277.328265491421,2.0186553639066913,40.73094373048583,-114.53368254034662,1.3354786294391054
2.039894846287126,14.022155061925451,7.179992055173543,1.8501176451855228,232.4005935629348,4.764369943674038,32.70716453468176,-120.08771778716518,0.9342160831111088
2.365363718164343,6.399590228869595,4.060829673467512,1.0,10039.97539511134,6.425404697200993,38.955764131519246,-123.3509330378533,1.0334022464723014
3.7317047895851965,19.099781857814257,3.1224034119164696,1.0,284.94345859464653,3.5159791693216214,37.70569406954232,-120.11838552039683,1.8812610601345439
3.1089737216859286,22.071798377593694,5.513157208407866,1.0,794.9246227512313,4.676653831439786,34.110800946516285,-122.54258824126022,1.6505419270262764
4.006096068898122,35.46696918030776,3.5629398753310997,1.0,1061.5856484751346,2.72279975612085,40.266026173396746,-121.70010386708555,1.9318551848890888
4.6366399487449526,34.56615103917625,4.025700546137104,1.0142536519812073,7425.595291204902,1.7593251984620566,36.00440391255305,-117.8190937683501,2.226397993842715
6.158391680417948,4.575515121704104,8.415796168458735,1.9019025273478882,291.5332950714951,3.8376824181102247,35.29111927374732,-123.32576133796319,3.082657348515018
4.296070351691526,21.158225086989045,6.895342415450421,1.6527932053874657,7972.107257173962,3.7724163180058143,40.367189322640556,-119.35276243749962,1.5429181507361855
6.000849162490073,10.270722228085457,5.276113382698419,1.8262192463970146,2338.2938561310757,3.0915340423497715,38.56598793882081,-117.90538413989236,2.680014736829489
4.658458730427557,8.99744797115709,2.9779418262110386,1.0,1664.1925410006165,2.72658474468313,41.033461294910836,-119.78141607632503,1.898053206813749
1.3698757745087191,43.19240963659954,5.390071375215636,1.2959703698435023,409.6758810274191,4.414454328141249,38.483895184876395,-123.8087364937627,0.6765692155432522
2.550778900506773,3.137676052529134,7.576587620614785,1.3388065978000838,1941.3545732468408,2.025277618321146,39.537767750355094,-114.14480643097134,1.59889039621161
4.110511472244674,22.37832667100819,4.262034096210375,1.0,531.9307850458488,2.2044714356582253,40.44623601446632,-120.32884232659465,1.6474823474920026
2.168819812280228,9.578386444092427,8.5032261283113,2.5941804081715114,3891.9330966767147,2.007233482835599,33.020026541144404,-116.21422813066734,1.0670779560259869
6.423462085455789,45.845840999602174,8.306996535569265,2.1941821119815086,415.27376228098865,3.108030311069879,39.87246510925911,-120.74353507812546,3.234277186225618
11.228447342610318,29.40906617702679,9.635875196345733,2.9113925939117316,979.3034028943637,1.9441848620345326,38.33021157757098,-119.24983243006581,5.0
9.311564395101787,12.800412455219249,5.596252910271825,1.0071719614228427,629.3747787835387,2.2848562858976815,33.16032406689433,-120.11536357389004,4.434507237582857
3.9429701222135956,26.6237916454852,6.264862745216973,1.6562151648276744,408.49392290220305,2.2652786487731915,37.33149025775279,-120.57460770490393,2.3136011056507972
10.96201025480284,38.305804344858906,8.720485520544836,1.7504499330595513,2301.507948590624,2.7067716915958298,33.283351740847564,-123.78148622792222,4.490683162599884
4.8998298220581855,49.864018454891124,5.923678207712364,1.1587446941132418,1873.303534812945,1.657068738746765,39.49149841637061,-120.39979062145497,2.8263139262870065
3.6610442368297944,12.242746216516366,4.053198639308115,1.0,3673.9042315528536,3.1108064361779943,37.69176628202989,-115.1051000960047,2.2476326259903643
3.1017249799418334,46.195270378596604,4.139532527458327,1.0,184.95728227466114,4.947693261887996,41.55894860541682,-117.09606661406316,1.109694640007824
3.7378784387543376,48.649509822542,5.448944834104857,1.1543787008176545,3178.5191853713227,3.1714742692012328,34.239786029931814,-122.5457714090456,1.9324720106409057
3.5505194221233816,47.73744777113538,2.9558179991718294,1.0,13432.721406416671,5.565175151075425,38.257317798943596,-118.08844995377261,1.3798915526625564
4.96418797079451,33.406132199957405,4.677185002911035,1.6237862129333147,698.0975928483294,5.122278063376629,34.51003027841967,-115.07769140051128,1.768770216474656
4.93495911736832,33.12085337617009,7.679994625019643,1.62605861010685,7296.489434684187,4.100438908765524,38.33361735491029,-116.99965959035144,2.3004181539095288
4.489887348830303,21.56374229237496,2.0616331490996,1.0,842.8919089884088,3.0952675152524414,39.36517217242814,-122.51315607643303,1.8549180971196813
5.825022731501319,39.372291997493186,9.150356504032851,1.7368883028095687,277.99142348425823,3.0313260234742025,39.36189112863062,-115.32167503265504,2.911038176368315
9.155801891770537,28.09599493589753,7.759746665635708,2.0760476331465787,807.84285853284,4.07764619499087,40.243202911484794,-120.98455986711134,4.003968796684986
7.922703362742016,35.54934163264302,4.1209929997091095,1.0,3128.1716255876745,2.568524876744687,40.60872716560401,-119.45923855687658,3.3204614379334294
1.838704447365415,22.85135309628857,6.155563648464928,1.9850881834082144,474.29216689817616,1.4148049816098713,33.234081399538184,-118.73857240310853,0.8582117532786961
0.9681650684925042,38.30631966620009,4.959272669460252,1.6975587166061545,601.6412521383817,3.6575796163355,35.76103799218784,-115.49493395621805,0.4602448582072962
7.850615581486669,43.048047397832,8.10106996480832,1.6149441184137363,1985.3280268569192,1.9108965847677084,39.027663943418155,-114.68392504852339,4.076542402034639
1.973626633354631,8.468249086743622,7.338050861137579,1.7612720238260577,1099.9941237630178,2.044480061931399,37.236569730216516,-114.70347122209444,1.4171479836673657
3.916274263515829,43.479415494285625,2.829136978990565,1.0,1967.704575928941,3.0044351467841888,34.31142149417052,-123.92045818721459,2.534044352996558
2.220943674937321,28.55512312130567,6.26453876911961,1.7424316238829445,1391.071428063194,2.8920050456250173,37.75074091658363,-114.78111514414543,1.6470693054875332
1.5201541397575344,44.07796136360144,4.56194404595561,1.0619531100931183,1771.5768763463932,1.7077381189580443,36.37063870127837,-123.45613033998427,1.0533772417365213
6.202036072454009,22.996387023391744,5.119890377651375,1.0445175050470352,711.7301339342499,3.2097614689842815,36.2053636377159,-121.34226343182564,2.857086418461336
7.067403074114229,20.331064754534786,3.7014744475641788,1.0,1382.6136581081448,4.421397684626384,40.192660315638804,-118.85012145272167,3.2326207942469734
3.1711482921359413,47.66809735837835,9.966752738372358,2.798710170798687,433.81882555479166,1.9129821736693056,36.37218417140572,-119.20074310995606,2.0790121807289483
0.9468397911053428,13.809632644968467,7.5084175257586905,1.7512888789282592,3977.598890993553,4.99777759358245,32.75131780206403,-117.95290206112608,0.2031282027130601
3.229261040561512,44.0548285895933,3.6843404763418923,1.0,581.5664757761283,1.6095130340916683,33.05160171946537,-119.20553771262995,1.6509606221311632
5.669394961079374,25.68504919797961,2.904193587886069,1.0,3390.889270139868,7.007140199980993,40.63431839607039,-114.65624320359579,1.9659174562878758
1.845320654254435,27.218867570114245,4.244953847955247,1.1164842296431807,868.1747671335387,2.548476750162592,41.625707695118955,-121.59451151785413,0.5665390054818684
5.002891032651905,16.731882355963684,5.893211283045836,1.8960488609662074,1342.1109788974195,3.1843455806563306,39.03988869632922,-121.25975305961514,2.5965062530256664
4.440709187023247,30.2251522315698,5.452544266218289,1.0,668.4993666415411,1.4094316964868296,35.96149879395076,-114.79262064306944,2.2129975541578584
6.344415009049754,17.585771010086777,8.176409598801715,2.5112478289395725,397.027111319158,2.9304194606453313,41.41670300004991,-123.23260486254743,2.7808934959025216
4.815058626826224,3.0027401263242677,6.793510979596316,1.934135384176543,191.5673822746948,3.291662877855842,38.796629320569494,-117.9043917809519,2.3360518444774696
2.4996697808031434,14.871928872562158,7.2996588216448,1.2628569431672914,381.715604847205,2.9023918077597863,40.52116871739371,-117.18264047934389,0.9776989611385608
9.188409942531857,1.3253312137361246,5.644841731335921,1.6311568700558228,793.212493108192,2.398317786206669,39.775596888351586,-118.9445827657026,4.554555631892796
4.075046901445697,50.89609413989969,2.8413534567141774,1.0,1355.4369841209357,2.0572583382264025,36.101823499839625,-117.05768121176862,1.7528543855968473
4.4088649540377665,50.25310770080712,4.580098880588751,1.5526395837878562,3012.0594103687113,4.721897104734962,37.047670908082466,-122.27245353988033,2.3507634875354775
2.56008183443336,21.15292017108756,7.568810305347293,1.349687435784275,702.2170471433262,3.0414149584782435,34.268255466496946,-115.4736776722846,1.5043518380619736
3.4350471409265046,38.146913571321946,4.85199921159052,1.3516053028229824,453.97368587455196,5.5639091770405065,35.27413395418697,-122.59974310530114,1.4714421375003128
2.6356197974531543,18.636111018931675,6.05713034471529,1.3713101365971605,259.11842951321677,2.433686188830926,39.89219378222196,-119.9918755568425,1.3450750890668501
4.03995019548146,35.22575101138478,4.360124769902266,1.4883849845751727,1772.3535257623246,2.5245987081990897,40.99279472288953,-123.24742398691794,1.477186011658707
12.516216056545895,42.07693219534493,3.28076051740913,1.0,4372.956112426747,4.163007200437711,39.38237402088841,-118.547889211826,5.0
1.967688127436812,49.284568479304276,4.714591973522185,1.6144515892135647,3890.6451374178914,1.569583056839592,36.919150118238065,-117.30254192574361,0.8403860325732592
1.702100644146531,21.41082606833327,5.604775359963239,1.8512414411154794,2230.3922551301825,1.8489439826826435,33.3218380549276,-114.5877836490471,0.5658517107154982
10.834139318123565,40.94819713075843,3.8103647223785533,1.0,2076.7164951247028,4.659899999354284,33.04100551263526,-116.60663804103999,4.420619106195657
3.9527272895431316,14.562350982238058,4.507377514687922,1.4004798545991521,5988.664909522048,1.8799147466945356,36.05609286382211,-118.58897083545848,1.5159589836265541
2.999832209100294,51.50694749347606,3.401493851463098,1.1875323919045548,1528.560101932929,1.4511837372186815,36.9063063282928,-114.67382982829666,2.0981609601014366
8.36405044235931,2.314249536981908,7.750039708469694,1.5541356162081745,2092.531123366142,6.343374454691338,38.28664591102632,-119.21563161959124,4.172548913157936
3.1162509981420494,31.77996913155717,4.402698713860314,1.0450044634037126,795.6951524229883,1.7202556970471399,32.561650453176476,-118.3879434690113,1.3198372882032257
13.404705849808765,34.63480506421768,8.85606219275486,2.24975991981488,280.8881729643342,3.2337671544850766,41.90236745942991,-118.03901472329905,5.0
6.73121406115117,36.09032341078057,9.129392378634773,1.907917269481195,553.438757147588,3.0883410727696603,35.95741939233841,-119.90020274113434,3.769754829837901
3.344285790084193,7.1397665182435395,4.795037908345293,1.0,1086.6349101370345,1.0,40.55689930611065,-115.61517309434176,1.2249360661220672
15.0,48.86501895712965,3.3089155489172883,1.0,1165.360048200002,2.699517870902139,37.58218370382134,-122.14824061154941,5.0
3.1160651817602067,10.240347231554223,2.150371996727299,1.0,7527.256071547355,3.5943576618758413,33.73917481806679,-118.45157809628392,0.934839835664603
6.995431010819786,32.760423565231896,2.7488569501774482,1.0,1189.4867226943652,3.4615752243063125,40.07687274907796,-116.77766743812806,2.934462224760393
5.363279034726563,12.356480035277333,2.8589832940551423,1.0,3564.729466612246,4.312027769001621,39.243357211738825,-114.96023828123423,2.621558282325568
9.786900165236501,16.668037268084817,8.596781172961407,2.79095249850691,709.7570713245868,2.5728223166548494,37.51064280682767,-115.16081603565722,5.0
11.437606225525052,28.869385628134342,5.187904377930217,1.509587966999262,802.9754288072053,3.9948330029768733,37.38825436767091,-118.91259710569858,5.0
4.568580250897819,22.2768643467934,5.78831835377621,1.0,290.32249672549847,2.2802118897929837,33.331056254633815,-117.56838548836659,1.7822770809077537
2.8517968742190445,9.171505649801821,2.037720123611923,1.0,522.0022964087435,1.7088370192480722,38.7305650114518,-120.05762263870699,1.1764855584779315
5.90608565204199,9.717756523463263,3.0673482567067816,1.0,1857.489996965625,1.7876620516231123,41.156828979665846,-119.318222371198,2.485292784374496
2.984316606683774,22.32538419630278,7.06273175342568,2.410116492292016,1104.9553218219744,1.6738993049891593,33.38582673260291,-114.93734207426951,1.1710350804455563
14.9997322135968,39.62143189205054,5.555062337790079,1.0,2815.622407093627,4.4989065895709235,35.00335878116459,-114.69296006807527,5.0
4.864292111357955,46.79619698923722,4.669807678626169,1.0,1314.5556100144477,1.6391381679752608,41.071925747699936,-115.0458594193298,1.461077818149405
3.599543634431183,5.290510775228525,6.208609410660645,2.0833503935951656,770.8904446743489,3.352195607108032,35.201267143288035,-122.61629138186362,1.5648681175559735
5.006856051676139,21.048299285529453,9.528803152792404,3.2057445912932376,9398.419950781705,2.7010222767529055,38.7124648857093,-115.49915978669364,2.3960402940925634
1.997156115283293,6.112523749866708,4.533902350025858,1.3334990445401291,998.3425274321728,2.883314702285593,37.58077256695987,-114.5163626897852,0.2183373525182012
2.5018527987822674,1.846216512262492,5.092393323144218,1.5437726031138796,3508.700323571659,5.1833051781793715,38.16511224753669,-120.38750305426396,0.8221780980081737
9.209617742272792,34.747652814841786,5.349690814162186,1.0,734.2068445325418,2.5209329546648824,36.4499945649839,-118.81353710578331,4.645040819375092
3.0218324914553554,31.724921540295977,12.895054349654782,3.259549516136126,2229.6490589097352,3.8368074386754016,35.349918970260255,-116.20904744187004,1.9285262908317127
2.3913388811107974,9.313974804559196,2.138826885184301,1.0,2773.916942903589,3.0496454579042003,32.96106778193185,-118.37921862434351,1.2784314785345667
6.184162890135328,12.924454487746269,6.509672878733786,1.21238496853982,1350.8536035958214,2.8269331677832588,39.57066892329456,-114.0651647829375,3.412505900377836
9.12869266109199,2.2090954358704376,4.730727993521615,1.4762740991093757,104.11718850403199,7.538231834073911,39.58788789084515,-119.44286634843172,4.241097050136646
6.898969043118591,43.58230749041459,6.21340273593562,1.0998196759716552,1116.833201670973,1.6878631181019235,38.87189453074787,-116.86057288792622,3.5198014639695656
8.146827694034792,50.70922039847613,3.8077976538653866,1.0,3753.56017189086,5.031170869073191,38.614520987136395,-116.07408859803456,3.868388468010306
2.846024040806165,7.908436376529231,4.856966119109331,1.6402734598269282,1858.4179365670905,3.9061905930041405,34.8153127555915,-119.05899584241561,0.5648511064741067
1.9096378179256093,12.805235902030203,6.583484943367964,1.2322072494671048,1712.7214492884852,2.4798299819147003,32.71227687077977,-115.43016194288624,0.37429806698481355
11.032000559127054,45.28888572129364,17.204381339420262,5.945811562800602,195.92718126545566,5.764551807441647,40.18279627041168,-118.53845408792803,5.0
3.692826288409769,48.249653695765424,6.842919552731051,2.3872044726716424,533.5458075205577,1.434413356816018,37.16581608911036,-119.88349203198368,2.265500900527591
3.8554980330635598,22.400996523147327,3.5281503758900787,1.0,1654.6712558828422,2.4382811322877203,35.41496224167487,-122.92176326148054,1.9543091490959577
9.94347428357699,3.5817460857227803,4.180772872577174,1.0,1653.0598049124121,1.8526316064677635,33.468353114415414,-120.06586423649576,4.122100310577987
6.257232568403526,3.0089835183337894,4.131474465290922,1.0,3694.7448570527913,3.5425024562495016,33.09585511356319,-116.66063545266715,2.9153577953231458
5.891629785740831,30.271443169519532,2.4151049191609806,1.0,948.7385355109502,1.9247081763088525,35.814233857054184,-114.78713588319893,3.2306808936430427
15.0,21.03765055355213,4.340388773810853,1.0,1645.5403453414822,3.572356916647575,40.14500211528593,-121.48320596139689,5.0
3.046182178480331,2.4612738064603805,6.640130605040409,1.3687109713163241,1114.7375131127644,2.7882814370794047,41.22787561867139,-120.44764482669497,1.5831490769973235
7.820152665809895,30.745872007940395,2.9751877682060544,1.0247913529803152,408.7310104421718,2.4799996596464986,41.019137963824114,-122.46039005895574,3.2198454314564753
4.637650475425508,1.576429366040146,7.533751014081394,1.3611451369257674,114.91683225020533,3.5094484852171735,41.24000793012172,-117.09277105771031,2.368119888690818
5.265390791921508,41.155969865612924,6.0201364696071105,1.7859672879304858,1687.510579617637,2.698109521163451,41.12339075972876,-114.39811569990074,2.4180056073254197
11.213081141696664,16.62807395787195,3.6925108404137936,1.0,1304.9854997766618,1.9436080450178075,37.50863514020376,-117.59047780151825,5.0
6.07815656691533,3.053158153470837,4.680421383402603,1.2601404303673762,591.0052838554165,9.212388882613903,34.58444856629059,-117.82923469993774,2.848046026739902
6.190263456545385,31.005963270140818,9.387027876629924,3.127650683798657,217.20181480575158,2.4722610253210666,40.081442536949794,-118.46510069499566,3.032188303207506
8.529275329510082,21.28190513608579,6.642039868377886,1.3787999267431688,2058.513736825521,1.2373306627790799,34.5302732610995,-123.11544259314464,3.7935954187422873
3.600340276604613,50.66382108121463,4.970465322379919,1.0,840.5697416626268,2.1450449848356943,35.038469129187405,-116.70496173570616,1.8692186403605022
2.7087145852976766,28.754131787688813,4.50382336729507,1.262583642727764,1913.8548292855837,1.8095701387179257,34.71591605731421,-117.9795045645065,1.6595769006773295
2.394356436756988,15.037198232887423,5.107160773521511,1.4939481069303424,7073.060356824328,4.180614504661432,37.39233283511015,-117.38523231143714,1.0999930764979338
1.3773839977985103,37.18138209633271,4.0361633577086815,1.1608252175721572,128.8397159361097,3.416651793676822,35.55736132760626,-115.01188906972578,1.1008837457369136
15.0,14.846092129678278,2.1342177747844717,1.0,544.7893418889348,3.523606788090276,33.964482471440746,-116.16039212938982,5.0
2.311912214464488,47.11640786178582,11.210727856753898,2.2470836775986567,889.4687609369322,2.5908629710361906,36.805147412991886,-116.19084747845474,1.5720605523411435
3.9245348154292325,20.110820495876197,5.270525113816582,1.7982175754663599,4697.689984172016,2.6865555305033633,40.80211876845909,-114.72816231120652,2.1076104659620274
3.7958638752955727,29.043296701586467,5.808131427969033,1.943748692477541,213.49149179418757,2.589921479760071,37.920252122024735,-114.10065048537001,1.8951648211020935
5.3894536636814445,3.579228295035672,4.83962336256745,1.168591534250605,7599.677002350834,2.9081662454413646,40.84418825593208,-118.18717268038941,2.706831130350062
7.311455227828904,22.73218313556377,3.6912061690073616,1.1783761291361468,1256.2117223427915,4.19600706444141,34.36078575825181,-122.91118383968835,3.455751058114863
7.510365199450176,43.450540522710746,4.598040376500428,1.1056663791553805,996.2511040067225,3.4364197704233663,34.08625179988926,-119.40870092224563,3.4989195968092988
3.158677845934932,42.08808907353044,2.6123288289422026,1.0,899.591019064491,3.6694622734970084,37.96798269413499,-116.12398853538356,1.327514982388613
4.0540929337382785,12.440246501529838,12.31520403228539,2.2333941417203635,708.9159468557959,3.6686493261317956,36.90162456468959,-123.72274675238151,2.3623076021708385
5.309767082166296,12.530032621538696,3.0228352051442875,1.0,3127.8988346211386,4.279246638047322,38.77164009564609,-123.43112561643851,2.360153563751635
3.8604560504772474,42.68257092287507,3.277934460780443,1.0,376.71135060141336,3.371170510719856,40.04895451475443,-123.32842217617178,1.4082594516730964
11.756512538154892,48.4503194286356,4.153271422356724,1.0,1549.0764314461949,3.467865340705965,39.63741930869568,-116.6896424167169,5.0
6.0169769834831,5.863406984923181,8.291494994165383,1.9801964009759327,746.8156251801505,4.833266323105604,41.45148114975633,-118.98833371436828,2.4069452231662125
6.965202436474749,23.952990610737487,4.981861416961294,1.5258008920093602,511.76552004918597,2.3024680959784556,36.28343588699161,-120.31102056479406,3.5621630332260557
6.67072641104317,18.21016822717568,3.0208724536052647,1.0,14559.153417880609,2.133370168471348,34.460674051357714,-122.94382954738263,3.2834963937171975
9.061949871386153,45.4051112283294,8.180353332000935,2.2662147178394942,1667.4499039894606,1.869425866242179,37.73367007950492,-116.67759749794111,4.16357725174991
4.995876814941325,5.2597706486809574,6.635275908477196,2.202321630618384,2024.8796479456119,3.2322090680005546,33.552059641816264,-120.789801894491,2.7749968185599028
2.058342055293467,11.767423070459907,6.143373264349317,1.0,3421.3030992855565,1.431191198576392,35.244085671650495,-121.34675929935332,1.099969901446685
5.696276814907246,39.375885216911215,6.594880699501348,1.7239645799017977,264.71401503120353,3.6141678606595757,34.474936524999876,-117.47680798446449,2.51790282044197
3.031889018535763,3.615986298041995,12.906676817669954,3.968412948488233,6325.168218940845,2.875776607729062,36.26735530957227,-118.40989107403158,2.065745220096469
3.2635970966297503,26.11930441642875,11.870281908640916,3.065703006253349,89.21443211456744,4.729672115583297,33.55655746252105,-120.37589358186699,1.6599055029077698
6.371394811116994,23.54745876866572,3.7633663503501493,1.0,508.38223205900886,2.296148320321445,32.80249657320693,-117.58512529194412,2.700991350134108
9.42126947077277,18.054460128426182,9.48350522239628,1.680952372480285,692.9572623662981,2.7695163050415985,38.7395430439853,-121.28778479615882,4.517862446927977
4.539255201406985,21.123188081265113,5.773435299598911,1.890872888828645,1962.0073081598878,4.706202564774772,38.297365293753145,-116.05169738395674,2.0115220996827907
5.3940678722758975,28.02696993344188,6.047459862591795,1.4765023139451128,1364.7387073950326,5.223952288052656,39.22940989236728,-121.70681049692347,2.8361612295775593
12.445124835943066,9.229735277807539,2.517060285865902,1.0,928.1424835435184,2.2885972005811452,38.773671182577765,-122.41162304617984,5.0
5.17817101333569,30.17178979246323,4.626708433783965,1.23611965622995,1083.5550804678965,3.230744134939575,33.58579947085264,-116.17560590501125,1.9200315190705997
15.0,42.0770487942993,3.57823822680105,1.019219734796099,412.39308177362926,3.3796345794906792,35.26524937306864,-116.92107969302067,5.0
6.292168641594747,39.76820741929811,6.897944895151674,2.1442415591154758,245.370080996855,3.488463433215928,33.73050279405335,-122.17361024298202,2.6399876445076917
1.5582171957541635,8.848895139382458,7.602158348223241,2.1425247174653954,2267.677870462317,2.7046424874810158,40.50823781946135,-122.83754247310063,0.42314593922938576
7.0427940438542125,8.61172295681517,2.1602100440703444,1.0,2194.492546191288,5.015601524317351,39.59558472587747,-115.61600911513308,3.434042710212298
5.633297830312493,14.676892754990579,4.909568491788392,1.2407789293816098,5348.087905452028,1.4107459492971486,34.414506527723304,-116.23401517803312,2.2394917096931177
9.716754392250873,19.4148110433929,7.758155416794343,2.409753709958478,497.6927422532239,2.538435397708641,35.74243778465399,-120.72742626300335,4.013572613296435
6.712079481270125,21.831234651832613,4.596652931559993,1.0330060857742265,2192.5383385098708,3.593663993771373,41.682842426510035,-117.41802591786633,2.9855181537247573
4.124424148218572,35.66455805850061,6.63013693612917,1.5091802216643901,825.7509969817298,3.6070487772798203,38.14451389985669,-122.7583981345219,2.102622515320771
2.1498994169394927,3.8907020404576054,5.700000069598877,1.0,3606.4348428538324,5.160861960988413,40.110978174360994,-118.92952340952321,0.8975936388172218
3.953439840441755,2.7683079155293857,5.678369279206336,1.8904250239216402,3047.1523467773013,4.851510779061565,35.01361483030293,-123.8126970793958,1.7812115453159636
2.6903942049666907,20.98743871013936,4.443640659335981,1.0,1354.5294440337323,2.679910369848478,34.4955027417034,-120.08398119078444,1.3795281945627198
3.163521893116621,36.55534829903701,3.0445943635454564,1.0,780.9177599493518,5.052830076037977,39.94721082404221,-123.25157178528595,1.2076063312190384
6.379865672400475,10.86520249078061,3.1625793385578866,1.0,2866.744024810097,2.2577828738475194,39.01578832469868,-119.24852819843117,3.3519852689637726
12.206183927356877,33.716728544068836,6.5780674775704835,1.5203484654978316,2094.153143643589,4.3594894553893075,38.96929032751176,-119.78318353147105,5.0
5.679157634182158,14.251235034955272,4.991733789431427,1.4271884412727238,553.1114940425107,6.197890494720981,37.75002852737734,-119.55614973361943,2.8741191604108596
2.1868675179241244,46.190391549489334,4.6860738616491835,1.0,290.6736983503516,4.884063914852608,37.85399425637721,-123.54668697952006,1.4632680520292234
5.851871946615708,46.680187157597445,4.180554875539081,1.1234871524415355,821.7753815984079,3.1339937617034295,39.48912630040941,-120.38383658718168,2.568572723707156
9.188740648441414,16.16164741834765,4.383837409933218,1.3344679764906155,4991.111030415072,2.6308013386726405,35.065023570651356,-116.43516150900084,3.917698612103608
3.108468799150834,12.729681452125266,7.529018724098705,2.3764786809479244,3451.2341087168707,1.6299730509072914,35.85130042564108,-120.3108562664638,1.9938713449723862
4.1354233279056505,21.976502575377793,4.331450036023014,1.0,360.5651026621262,3.401497769850466,40.78054931994052,-116.8482804739042,1.5027125889446318
4.521360376604104,13.267110844187584,2.8967056678525163,1.0,341.12281853701677,1.9230512336426806,35.4342194096155,-120.30521276366267,1.9455744855055717
2.7984369023759985,35.291576007876884,6.668938555891045,1.8755003774273835,3923.2820874539657,2.187471114919944,37.68994092810334,-119.76760558509814,1.8566730413675776
6.612542737531657,43.129298911962564,4.563315006210582,1.48933350010836,352.2580822799474,1.8658219496999717,39.1750749080635,-118.36107887170733,3.1970337615616544
4.1679783530658305,35.32769867647207,5.015626537002237,1.2391413490770125,1824.9271066221618,2.4988810881254504,41.99928585491518,-114.49318063192918,1.1253334913583042
5.7645060334363665,43.04187280971682,9.421848705395307,2.434668539966328,592.2499654272779,2.97074342875939,36.63526764920565,-122.91139553353345,3.631379613615822
2.6313701847468662,21.24660027258118,4.9124646294612875,1.6398183002240712,5525.035349812987,3.3516267750649984,36.566882327936966,-123.67086231338827,1.2091615821825807
3.447071464879726,8.972165506151903,5.560419022865385,1.8348376821752914,507.53983521099707,2.362681837869972,40.50458960461984,-117.92042816189955,1.4242504835751721
6.913173641072651,38.6354983172772,3.0908019979042067,1.0,3440.4636738902855,4.607629343538097,40.1522795569687,-114.50902911071574,3.158891750747705
3.583357136920165,19.384199762219247,4.536393073378749,1.0,1319.3027470105765,2.7641077729447714,39.44522087647821,-114.10276867445285,1.9045897957760407
12.631305685875706,35.23481208668576,6.320576473013574,1.445099230670318,1411.1988272675474,2.1922118837167086,36.90068155538577,-119.15835752607998,5.0
3.5261911307955476,14.80284104107005,2.6587351613747177,1.0,152.8858277004625,3.2887807615492384,35.5774216415268,-119.31918378914901,1.1712195956158102
5.128487777187705,5.142711375140306,5.367370035480621,1.1130496391130158,121.15692992146336,6.589128760108301,38.28293958455606,-117.55036229254804,2.717119269076728
7.842475202376982,51.62167156987593,5.156801015780821,1.0505224676555736,879.5707986901382,3.435162482570747,40.82412128475059,-118.4436524279503,3.8080859606079636
1.9135890455631026,8.966276904460564,5.035510857198849,1.6225049816548573,1403.754993658539,2.5983009458530475,40.89588585298157,-117.65911942385881,0.7226107801970333
1.5581741401667577,51.40947069213753,7.499704047747082,1.2297443530304908,355.9542360837828,1.630709926211059,33.53073427816916,-115.26000574462105,1.1813964643267074
1.7942842775536383,50.841276560888815,5.661989917400783,1.616624023803303,369.18821786962275,2.7517444929001895,36.56932769622493,-116.53693830512391,1.4560820754942645
9.559643753170887,41.48472329931002,8.946199089468664,1.6511463808166276,1922.6748178859154,3.3001609830837504,36.91485858388812,-119.03122608313204,4.373618710961381
3.2184024807793694,34.63057106618188,3.328641270208833,1.0,1925.3335038265716,2.57273013269329,41.787345991475654,-119.3813554099983,1.7201805756167938
15.0,30.46815956280532,5.229783214771989,1.0,955.5231003820184,1.54318142321561,38.94098114480455,-117.60398251486885,5.0
3.194566637151394,45.17117881426957,5.123238274216211,1.0451135950058819,2392.757441727417,2.1377926916031074,36.36884096398967,-119.44293715579703,1.4144605446919416
5.006468528000821,15.761415602593885,3.229405945436101,1.0,338.93139229233833,5.375305364258741,32.747549916863136,-119.4222064873436,1.9443200778358019
11.305235890452018,24.851741836728728,7.261003198024136,2.374370300071223,768.2114977363843,5.331328205929142,37.87115902094236,-123.83694098213495,5.0
14.934227600105185,32.588888437691594,12.551865781056897,2.4388956826661974,5698.040403098964,2.107166875732284,33.41272176856438,-122.25935862592692,5.0
15.0,21.970714269344047,4.919454105621937,1.1939985800421866,1174.1762653247706,3.9318211475907425,40.42727459480375,-119.11486360004247,5.0
9.253665454246258,22.801809158603668,6.06180999973479,1.479474503340519,1244.280231720808,1.8749291763430493,39.64892727541844,-115.77346540949631,4.76415106468817
8.284924313625902,17.844518042606303,5.123344202208271,1.6636270259225308,11003.25685810643,5.2683989550405,36.874837019127696,-121.21272993272876,3.75151884851471
6.3949983020631604,29.775822650911337,3.723135285654538,1.1264711067733353,270.60436167812645,3.313795930671457,36.57750240564615,-118.7735656686885,2.7377589448810222
7.149315699055663,44.37930092877092,2.390962223462015,1.0,2431.9054543261323,4.392315775242607,41.0247201729033,-120.55037915240767,2.932497966263785
3.219701232143385,11.277947278321955,3.7347863199539395,1.0612374416869672,5790.571554714133,1.5128006395588363,35.24035432897222,-122.95196010460411,1.9244907339111137
2.743078061380453,48.65608497642551,2.838332260933903,1.0,792.4600334496995,3.9395040540089705,34.865689640014324,-114.417015169287,1.3851042395842859
4.4726242887123435,36.14347034115971,9.792735460220594,1.4875928097009627,2590.5637286381866,2.994958498449109,41.42237561184474,-115.45326129749698,2.7131903921622658
4.046649385501785,42.98693384668154,4.730146253515123,1.0906676922172642,410.7482526205249,4.223953882249639,40.18783544915809,-123.21507575533093,2.136434543359025
3.4146096105713064,29.365725324130594,4.312993749240161,1.4295358842874013,551.8452178065818,4.331643881353354,40.29594313413835,-116.80212737531716,1.3521880757266214
6.806189838290025,40.755351772627236,7.068593563456862,2.1068834194718886,1611.573671071452,3.0842665310705644,34.35434123562129,-120.524200956425,3.324717775699224
7.950089012483037,1.8262202643128278,3.1622998352774694,1.0,2437.1063030043056,2.362376595616106,33.86131191859388,-114.05150192938207,3.220146186298194
4.725834370829533,42.737401663756295,3.644628299438855,1.0,3364.169857066419,4.10365677632662,32.74728072326278,-120.97601480171022,1.7801484863732937
10.87555976869119,3.0470818133536923,5.08975098871864,1.117475287933589,5269.172387271417,2.9327431104922574,34.75189433472746,-121.612615546374,5.0
2.2591452448920153,46.385582194505986,7.4745775047029035,1.8993208400039983,1025.1081943289655,2.1188765491787933,39.854809671286084,-118.32109451694595,1.6026633056096848
3.99005224352831,51.590100109170805,6.053726410593348,1.701561078319217,3617.7651604102575,2.0791083156883627,34.78036497825942,-115.64873836656795,2.3217739782248046
2.91510723851406,15.99744057101567,5.4702813871686695,1.2782549165145718,778.7539610823791,1.6638500655058341,39.42648119415132,-122.07481128180201,1.2786031955028143
1.4623986955959607,11.726246370575476,5.110243701091626,1.4964358787568184,2702.9290885680257,2.449499054684935,34.8931285209905,-116.90597230280669,1.2494144094798743
4.264784228662144,40.033531556760074,5.8129857784634655,1.8732140045733274,1349.4991435996405,4.669615893114812,36.25527873053138,-123.38593416858879,2.550979841186709
4.1659798038277405,13.904343386932915,5.369104646111712,1.0,1712.4457778776673,3.2256417409124225,41.84004175415838,-114.81065256889502,2.211444602168368
11.112491611235319,45.14368154178238,3.2805499961406124,1.0,1674.8985479253279,2.4304900838898997,34.82571144719929,-123.18925083852702,5.0
6.543596976824697,6.244972200031312,5.045171708728611,1.1684820405381628,220.36714365761244,4.145164090056256,36.075520959333545,-114.85768623655838,2.6877671720978475
2.4241668671049372,7.4237150153472715,3.223683134378512,1.0,356.33743788306276,2.1533168005002064,35.36032821441953,-119.09192750547297,0.8425115315088114
13.63248489495889,50.9367293101314,5.116307651948133,1.0231259126866254,1215.0511331880296,3.120958323831451,33.54143737013502,-119.5190888720408,5.0
9.324265701810942,35.365783811770235,4.0867123622500765,1.1363111201529894,202.90155696461466,2.795882644663813,37.15399435024284,-114.26692920499623,4.169981992745528
6.355106240217655,44.191248445876596,13.677506868258204,4.451999056359752,2517.977057587896,4.102728541269414,36.09756130166352,-114.09615822301781,3.6017476569257285
3.912237811908621,17.54079824492742,4.8746204572667375,1.1388396386267428,2621.641602247603,1.5985686764151648,39.10142731516916,-117.49821874038989,1.7335205665503097
2.5201954498144,35.500671225550825,2.8244232190226883,1.0,1521.0718850993885,2.1381070931164805,40.26714819603969,-122.72880708142951,1.7335137527931557
3.5847041074078474,31.306333192738457,4.694200993405138,1.6365521909938698,357.4037114455572,1.5600248277547233,37.67037228770857,-118.93829914344798,2.452256552912063
8.612797441981174,31.760656126270298,6.096674741831939,1.043862955520161,4359.614604045159,2.7078671927174334,32.8058660098297,-118.70836899044338,3.8305688005101577
13.884203895829218,35.8091554364238,9.673068477930167,1.901828160965019,8410.284992407682,4.877198618528417,38.379762384229856,-118.8555357186469,5.0
11.312927710375726,30.343317829584027,3.912666222800011,1.3306036839114126,1270.3869618921274,2.4542497559201752,33.02621193519892,-118.3050816147999,5.0
3.342404128227767,22.882180834435964,2.63011825850697,1.0,1827.1915199653754,2.4491142405593904,38.355385074190735,-123.81275286205609,1.4695179137859455
2.2892621033445653,15.072057413407888,6.867051330562616,1.16424987467445,1341.761597787069,4.2575325109005515,39.00778451805729,-116.88772718529498,0.6560701700663639
4.8770071761148,40.197647876573306,2.8512586194092924,1.0,1863.7934685987775,4.606276469553626,34.37879246236643,-116.87605698047012,2.1703033098751607
1.5510566070546656,12.539893930162496,4.160094637431605,1.0,973.055619425155,2.899596452770416,40.28378841285682,-122.84530224822112,0.4758213999829151
5.440661368177687,36.31006961387512,4.468048811328701,1.5602540682711539,1059.3764509076261,3.950672990016932,41.15530874995346,-118.297605575542,2.415944560708304
4.10185146340602,12.899973955115659,4.81697731695394,1.0,2712.7484835651676,1.9527100630398568,40.224326159081286,-118.31638817564226,1.8775702632394093
3.388468667651165,32.89183866767715,6.525162015288257,1.634615213144552,11448.61638447056,5.213178432492674,35.39853730701478,-117.175495798096,1.718045907307244
1.7214692815586263,39.10099162358048,3.7680072736461856,1.204569923903033,270.4071444489068,7.095654238563383,38.073108618233526,-123.1460230786492,1.116686683229457
6.099214936374413,12.1544083342335,4.439351464109224,1.0,988.4988859476459,3.7005679818442414,41.19074391731667,-117.73496692733903,2.221183575163092
3.2556094599151812,4.057108343926722,4.924840354753776,1.3341283999791664,336.81691869716434,1.3050839281468407,35.54631489911707,-121.19248049253659,1.7614800990836097
2.2212051269542403,7.679660892702878,5.258465125899131,1.080115501258364,5388.513829814209,2.402975821824228,40.29026431152154,-118.92997009503829,0.8375857088623738
0.7998289969550568,31.9058453308223,5.150690945664694,1.6609277710970334,609.2703116215624,3.8386860311992854,32.590013746986116,-116.26676447295924,0.3065120979790055
4.408308505199834,44.32176671751251,5.896755651490272,1.218813574503718,258.9925265371249,2.5380772371883444,32.53464367645442,-116.94354063636986,2.2476297525847344
12.979237404904914,3.2948378830066427,6.941624353671387,1.9946836996371147,2075.9766546036262,4.997208325964298,39.71726077322019,-122.81096982322006,5.0
12.143032259829289,38.44171421112396,5.79533710187538,1.6507665754283432,6274.88925189043,3.8009951186343924,39.733752030207654,-118.08815212883927,5.0
3.406693749572605,18.40725094345266,5.938367176074559,1.1538170804632542,2129.4049821209683,2.264626398133807,39.995283284596795,-114.30883469059262,1.603140934221587
3.122621157740253,25.40494686589565,2.6303337342767064,1.0,1345.8726301127583,3.043188834335774,41.335254959937544,-122.43230562664998,1.0188510308256973
5.937359783343426,48.37183704212384,5.053550571303149,1.1716652691772254,1651.0073946075947,2.1011119650243075,33.6201099622927,-115.47092912274584,3.0501261587162345
2.4619869729148323,17.93054674152812,6.000261305525414,1.2470860917415598,4513.556320198614,2.7925804158694487,34.703857357345036,-116.97451919446223,1.042133825768506
5.37132779659149,24.732183630913788,6.629812198829488,2.0671459404185417,457.5109093412181,2.4064742363076266,41.08538674355117,-116.2599668709024,2.2523740823151526
7.096829727184756,1.6978031527947364,3.754892627649552,1.1642902122805714,980.5884943901406,4.806190238600639,34.183743878837355,-121.18041672857355,2.9336561158131422
9.357329447399984,5.161534720246757,3.8052598855458726,1.0,697.3656310562991,7.0034635723379965,38.98117804197755,-121.12111070620158,4.568652852485445
4.220305649058881,14.188171147873986,3.936766613388458,1.0680544078611456,341.08601630671126,1.69473208553095,37.53939850038775,-114.93980544223513,1.9432688684458657
3.9661495995332077,2.4204642818747946,6.138408827487273,1.6625997135285564,789.6775839568611,1.3919609182052293,33.29033993008932,-120.40167967907442,1.9066628352970116
2.6464270519006026,33.2001416284608,7.4898773480640095,2.3625442180445257,3320.00343312053,2.7235359869812794,35.210004788444564,-123.3698460930719,2.0859300603031397
2.7288268391182764,22.74631619688275,4.208119852481366,1.0,1932.5625520392787,1.636620950835592,37.443536056189195,-117.9940329642055,1.424545173021219
3.9122500344197397,28.955405339129122,7.12197393776694,1.4606409056075291,2088.7279015567174,3.0602133674809684,40.597326108496425,-122.75182330958157,2.1975782989846366
5.586870570893336,9.907006480712807,5.20381454843756,1.0564106948383816,1269.623414739156,4.053474625480511,39.2216156513394,-116.03403758592091,3.1323390126494686
7.753549788623413,16.09253350126742,4.712816390721267,1.2123176110840632,1850.7084352227544,5.461135629642417,38.407890033821865,-117.58253557498942,3.944165413115494
2.7679102956566566,34.85504821748898,4.5514520233902305,1.0915731027340574,492.4582363129447,3.256190075673798,37.21231245444344,-115.25273494778791,1.5124375073333673
10.974925177253951,50.23043890515039,6.676838157925637,1.58924875525042,804.7165584184338,2.7807979254439776,35.33749784623428,-116.15162750217365,5.0
3.808844412681017,3.571255453712669,5.641957764907886,1.0,1328.7636959120932,1.3615803311952763,33.63282665753298,-122.87886351661804,1.3469174957369026
4.424598869502407,46.40960036361857,12.30899346307214,3.6154067687997817,1447.3880393869501,3.0357972024013824,36.386222328377904,-120.18929323565578,2.3870605696780447
2.8624359483602126,30.42094126687163,3.5222857610568217,1.0,1510.487695660833,3.091062565779966,32.77092569215728,-116.25439750085413,0.9503538414864601
1.046504793956651,29.75989790453681,6.093609997994345,1.1540732217353806,954.9554765531669,3.879020703159822,34.50503094803508,-119.82658526733674,1.341152349309013
7.617340079418289,26.514205295595776,4.008109148515843,1.0,751.8798963317522,2.2628040162506786,36.608592070790266,-114.27634515220022,3.4107649123074406
6.973423901670021,4.539098381113353,3.498328227869588,1.0,25790.752670699098,2.524338277098799,36.47674926388319,-116.6425955010655,2.769704700774865
3.78559648290342,5.583719438544194,4.931549037965786,1.3155974909851103,2715.6517883569386,1.6632925435492216,32.92080659447143,-123.84500083309679,1.2507729635128464
4.6654972970106225,31.64651228861339,5.232771136467349,1.173672198535142,1657.6355126162593,1.2013943940553564,38.096071458490265,-115.20014308439164,2.5479042100434577
6.107780990995675,18.388887143213474,15.91511715536125,3.816164104800044,868.5207713920444,1.9282274547422436,37.722000430605746,-122.99195215131442,3.5274939261531797
1.7550063688192366,47.78067139546172,4.601312890386689,1.1845337583213813,698.3924353428306,1.6029884595177601,33.24199088819867,-122.59476275819914,1.160031083979676
3.2627434599113707,21.736117405333086,3.1516575103439264,1.0,962.1779437495991,3.4372953207598256,41.46004899837418,-116.6550759938895,1.4305682105134547
7.217862148722317,8.307354393834697,5.524563760979539,1.0007765184262623,1469.7224370142276,2.4418266281710954,33.44413640003317,-115.3503144056952,2.8230569242865435
2.1115585964300054,37.45066050860384,2.160077250077769,1.0,167.26250356366336,2.4222700749332846,40.62092443675469,-118.63650372100444,0.6202566801013762
5.344856835146126,15.961024493491502,4.774156394226511,1.1302564169740221,228.28855129082052,2.026347236928273,32.50294245319256,-121.10950267054221,2.6517530756826773
1.9858577113809472,27.79898567515055,4.984883898230788,1.1585803445788279,580.0519166853672,1.0,40.881670402931135,-120.48684454746825,0.8249682202871144
5.929014376270564,36.58947206076367,6.806242142045647,1.0694133048980223,1349.0277634757194,5.4921747120493,32.68733745594097,-120.57110670403944,3.0126330827799266
4.386866147817049,46.91346967130559,7.311503280680599,1.8249165661158737,863.2694376548328,2.013534812870104,39.6992143029751,-120.73321896190488,2.2245195242957494
1.7004975937798863,41.401750934885484,4.04941389125418,1.056224597448936,4808.40749471171,2.547294898702517,35.936062707352406,-121.5709032817835,0.6842821689449108
9.014583120150652,35.49441446150893,4.663444760998251,1.2207414205267855,249.0374316315676,1.6787393652010616,39.51305960129504,-117.91132905370768,4.135237684630136
2.8841927571349224,35.661292302152326,3.6457119463857954,1.0623831880513808,517.316322824697,4.431650718675366,36.316579451537294,-114.99594681434932,1.2166626691743034
2.756187923274395,49.242156845636416,3.1543264228871686,1.0,5014.513772156819,3.1815597845234134,33.1736252621525,-120.92917586916658,0.9812779201784652
5.0548163342899795,16.08702897232334,5.606675333882348,1.1238279451474134,1250.275648361841,2.1585870969737,39.79131360625596,-122.13305702538588,2.451146096685455
8.927910756321191,1.056716804005558,2.975957335151203,1.0,2656.7067817993648,2.5679506168966766,33.17690051055297,-115.61422333628575,3.9584410165136563
2.4363643523976664,14.869682529308133,4.196073637245445,1.4242905766488312,8529.166683452306,5.878325655235948,41.26014414163157,-116.58216669110297,0.33818199398344223
4.650654255961917,12.112460360963944,3.32653231990043,1.0,547.9563234829269,2.9177484125610884,32.984253340020786,-114.6916296844009,1.913066537904922
5.796706434836265,34.753563840813904,6.171076367690873,1.5398681361934394,992.9553141811351,2.793531552862857,37.0535901388294,-122.3448026439509,2.7766280154614744
6.792800928269263,33.319291588041985,10.181496861025327,1.963351498148653,835.1180558170857,2.061527897189048,39.36882709308256,-122.55748685883408,3.2908083674174433
4.982166981136139,31.266530517940915,2.942809704789773,1.0,155.30749579162367,1.4079961731671218,36.23584141552436,-118.58570605695003,2.4754088005103534
3.5958604057760613,1.8284156036821386,2.360309151463244,1.0,804.0031573665113,2.817879158555653,34.56371800862813,-117.85566345164905,1.4015741031877935
2.727664824765729,38.16768077698302,4.711683361933596,1.0,2646.6823397638386,3.421893472949722,39.71136413326226,-119.1982655814041,1.7644621126362536
4.7194219780831315,17.500051036760066,4.984230948450065,1.4553287214553585,1882.9397697343252,4.663815013957541,39.950799695492904,-118.01033363676125,2.513151654421064
2.3554141992968827,34.91785543933818,5.405752815483192,1.387900453852347,2036.6939701799554,1.2221375138375554,41.265602347566485,-122.19620231124928,1.365272493289867
0.7766151994438281,29.38549985360982,4.143213911972138,1.0,753.3206893136937,1.9154670230975863,36.073568549095235,-119.20386245835917,0.43246759447344546
5.823700488701417,18.479277196823265,4.57105613734524,1.0,569.0127058367669,2.3814357539947473,37.3093914777246,-117.41907439060333,2.564487261569485
7.708787444019327,7.863389622309495,5.737388629490621,1.7879505072064352,3902.0435103347127,2.999986115739958,35.949720207037686,-119.67293550751296,3.677181869691617
1.0857169353358374,5.815363780684528,7.509526068481774,1.3910562075144826,666.9285065855526,2.8348429062548965,34.942277307588,-117.20552664183403,0.6888672139253491
2.4452847472140986,43.4074349887234,2.265919171560346,1.0,1471.5654407077193,2.861438658275872,39.634813134607285,-119.4880871944616,0.9590746049877052
6.497987779588144,47.838274646159455,4.273461798343477,1.0,1291.209533173778,3.536856801103643,35.72669252766108,-120.66400419157722,2.827855178945172
15.0,34.13919038497928,5.395274714277846,1.441062702852947,4730.172812624307,2.0931764729251734,36.567419698927345,-120.96394952912908,5.0
4.537953886201884,6.275139857884652,3.4308551952284136,1.0,2896.946000142302,4.365167565098538,36.33489974742827,-119.89097941011411,2.0097582904783526
2.8956170604206686,21.503388061300278,9.899337668263831,1.657029463844203,300.2878093718264,3.5729120968437473,39.27028164364408,-123.76910377317799,1.8940526727294136
4.0159026250183665,38.17589920536302,3.841396790203909,1.0,334.43643553844635,2.643402979132509,41.219058448051456,-117.31474861553886,1.907498055932797
10.22592182080171,40.770865084513474,4.871894740551481,1.0,1956.4948669698563,5.699413055137601,38.834182582420084,-115.54894359019738,5.0
3.0417149739633023,7.029149736845518,6.186743382099567,1.4576206865382366,1028.3001237926112,5.59887908452872,36.98003466289521,-120.45372905556881,1.2259755129272976
2.774539523661129,1.001566661114503,3.909799463127258,1.1012214360740828,695.6371693816221,4.362992355751687,39.90244859001939,-123.53966863858281,1.3262600707683787
3.35467161614822,37.31898933991086,2.366402290448743,1.0,3027.909977193855,1.0,38.58922757916031,-114.13224402614442,1.4108476121995537
2.5294523960039452,19.186404975296487,4.172595186991085,1.0,1322.7383602542156,5.649562096368702,33.07579839261923,-121.36301744548933,0.6406081195602675
4.823993874353583,13.978547912531273,7.476585638781645,1.8974637748350627,1155.6952465094068,4.1284556771302094,33.408804070978995,-122.73378878309227,2.1092569493057374
11.879415056830268,1.6577709592657974,4.328590412973891,1.1737055055875247,2391.864917251777,6.703055418684892,32.86021096869952,-120.30247492026972,5.0
5.4403726690939385,28.555269744836483,3.530453311007211,1.2094418613750493,753.6220670832511,4.928259271177835,36.83975509896004,-116.61442959366444,2.5171394506296987
3.851982299285387,44.408687506725066,7.172604826334983,1.9214989494002834,5263.3289484046645,5.648200907496633,40.345607626220165,-121.06083403109434,2.3234776511836124
3.7618589568816696,49.83921395990198,4.339200183404512,1.059782438724438,498.6739008269445,4.269351491042353,35.47429010883784,-118.25296796080512,2.1085460201698005
1.7543273634848264,29.85299248127775,4.038751762443608,1.0689781298030177,2115.2516468020413,5.15247550340242,36.14952173937858,-119.84440005562858,0.8541936359061145
7.613065121608129,27.237527714734604,5.258166731497519,1.7645362541398484,4600.097779479433,6.6701976774920535,41.14003252949496,-122.82236007723381,3.6277236865566196
4.277196115842031,5.337875659951297,6.741618865527758,2.128164776664955,276.63653892132436,3.2759958373875095,40.45058273050822,-120.6971298750789,2.095231811121422
4.021729571803381,28.99251287867259,12.841542361924763,2.755740371587143,777.9519988568575,1.6017676206791833,38.81795706763432,-116.75129494285933,2.1140537858874318
15.0,20.378933027235124,6.8956752729478845,1.361557100716084,3436.495196889432,2.656516398851137,35.03463592987639,-117.87996102668555,5.0
5.361542668816926,31.963899325062425,7.876912296663856,1.595285230652293,3488.560785380596,3.5112715602544644,33.611894085540214,-122.80221620116438,2.648785898880596
2.854581849738328,20.825043741703883,4.045533853448377,1.0149605565291608,923.8081309679563,3.0955173031859564,32.65255881546108,-122.36677590285692,1.1164551513427996
3.47010704531421,13.255255295968704,3.285939991606518,1.0,526.0145670276421,1.8246263266262464,33.516601389742,-117.59266640692555,1.2227634083924557
8.926884247205496,5.843229036647202,5.0780764578134905,1.2727885904950973,2852.456472878,1.5645104286713616,35.27966621442746,-115.86584585679131,4.513576494024369
4.796863401626615,17.06084067403368,5.169975585164348,1.0,3581.543395604706,2.2334219868514062,37.74200560400521,-120.5052550404183,2.534291360068623
1.8908627625033743,5.928886548675366,3.2174686068963103,1.0,342.1799100378453,4.149948076151705,33.10800078614768,-118.0468924815655,0.850445349731495
7.779852356877462,10.021744492023181,4.6176327778774064,1.4369797335098244,329.0094096228118,5.652714703884918,33.79416389402527,-122.29356411247895,3.315516491334369
3.001504156980858,51.35414408755684,5.810851052001664,1.2080734526168813,1373.691172154722,4.334590081314853,34.22026667192544,-120.88623663094677,1.809729397985957
13.790482298864012,23.64928140223755,5.721078622646172,1.6180649073495381,2057.73395285587,4.585829084844982,38.50382988334141,-123.79729794326947,5.0
8.567952929964965,28.125460091755844,6.060032368197709,1.4260370009097798,813.1624578750204,2.9086055408100484,38.35000309031118,-116.31724052200478,3.9401347586530093
3.4267314012805348,45.554544965597984,5.564381803616546,1.8241371833930917,2163.091700229112,1.4965568210990745,37.73227440053545,-119.98990180227034,1.4480110689148298
9.665954024922621,51.77401392502508,4.043847281764607,1.2901697074339469,539.0796820839489,2.5040558759037177,34.87976353461143,-115.83874426346046,4.735462831768338
4.667918739659771,30.718436916578757,4.032714608598953,1.0286906503715698,132.3310054658589,2.708768856710798,36.02563706657796,-116.91627003977274,1.8543779149951247
7.475748178769857,42.43616487325276,3.0661399978379196,1.0,717.7339288001157,2.4625047063384873,33.41855230520856,-115.71255734271523,3.3819691701474985
5.994483864093238,17.67399224117044,10.113892923813127,3.3039047966559485,1168.214912059407,3.0706152422112445,34.65137573570152,-121.14341330417118,2.9032737141470757
2.697123964649603,16.592941829811846,4.979752275121167,1.2406724230188861,832.2726072534346,3.584316871305581,41.028199651489516,-122.14891269572155,1.4845645946833188
3.046124419872958,21.537889770722572,4.526996872877312,1.0,344.2598452541855,4.225789364943015,41.80707159114037,-114.2809431734833,1.0160070969197539
8.314296397040744,35.2978703963561,3.416044037622895,1.027317948996294,178.45759752504372,2.6878780524871133,38.6527660635828,-116.8267221295913,4.246468654641022
3.666123367809582,35.79177615201004,16.02681346154517,3.1094141821548007,655.8362872189942,1.4028364711113648,41.20982127422249,-115.65957732073329,1.9669817692943674
3.5177125057991194,17.07721116712199,3.2241481863973473,1.0,2690.966688109542,2.4765065360800236,38.60604805381354,-123.86866626290066,1.9721444326836597
2.526731202105483,7.793706130968063,4.172272409699729,1.3482508345962092,3851.4209588670387,3.057153208108958,32.81536661800197,-120.45538379704114,1.5408523537800773
5.778588445951296,33.252209079740936,5.8493745120746405,1.724889691440955,3596.489048066525,4.89945105306179,41.969244557370885,-116.57183309422669,2.058850987751861
15.0,7.54461897162699,6.297074662656221,1.4531268093275862,484.9716641760564,2.393787556268134,33.44004686602208,-123.22017167010017,5.0
2.3619327634908847,30.503117919695832,7.265759414278381,1.4019202901493668,345.94979949602316,3.687753449455623,38.985097113728074,-118.32660070431065,2.1951141435057897
4.547291013496283,36.36452853087176,10.206690157809373,2.2576553379111317,1801.9678829007412,3.3737846637862687,34.9019439292105,-119.70927232544997,2.5007382798786617
10.457634995850363,36.73118631611703,6.064566488009816,1.2542786737033182,2069.5780224674427,3.057385727064537,36.22382057261612,-123.82383492858892,5.0
4.272568485497985,39.427077643639436,3.246533072416309,1.0,1636.2619249948193,4.35887208472722,38.63637475560891,-121.64024422880549,2.3063076023180296
5.879213989674848,45.51583049984889,4.46925599165141,1.3348174142967135,146.34059184498847,2.306343848969753,36.646629818423214,-121.15208010933286,2.9642602432655916
2.3692273352556814,26.49790859020421,5.602051942923915,1.1227295113149103,460.86972695753093,2.386732844691198,34.880187559845716,-122.88140053653677,0.7727781138392563
5.7949349893476665,38.24270866600813,11.328145901625719,2.728196958410393,1064.5539985370658,2.989899188945059,35.67723877534409,-117.68463090257339,3.4984399625453477
4.005680348990744,32.577809503657676,2.8317016158064536,1.0,1785.0794350112194,2.32551471646288,35.74470711077018,-121.57602123748111,1.3483689959178125
8.096549614504337,10.518636929681811,8.012722589086195,2.7757311075677844,2362.102432347329,3.6810753214844754,41.61357709282803,-121.22380500380612,3.40895359990978
9.13790942274494,2.3101718883398163,5.322620449713897,1.2147201827426481,1266.8053302211326,2.2585501440921565,40.08682365127279,-115.01761401799853,4.497230939653805
15.0,15.511610669523622,6.924959572095361,1.1495190277829719,1526.5778448803903,3.2887964694636573,36.8562133290543,-119.3287690730686,5.0
6.3457157738934615,23.59471902321859,4.755025759560816,1.0,1193.7626139050014,2.8861715262346572,34.39829874324296,-120.07871853030727,2.7598222655708127
5.449248939700378,32.47240316586147,3.536108921701079,1.0,2176.8178209891425,3.2738621902931686,40.20465304749523,-116.76128961685282,2.7102610267885443
5.0360929894115305,44.347925855663476,6.688228974141304,1.804970480677217,1499.4679909677652,2.4995318190957194,33.99323348027955,-114.90386203117087,2.221460329662513
3.6258916276623694,11.008531552014448,6.435132367986798,1.5042237620061012,1171.1455601885664,2.6231206117347106,34.499391062849035,-123.74963663762556,1.4266776915353232
5.490889729638753,7.403039284822332,7.306926882773932,1.7271290893183144,838.5139356498618,3.12178110897347,35.977127222481435,-119.51761153444603,2.8457391299662174
3.753764315332724,50.1374773211907,4.9267431241831865,1.0,1189.5036818644166,3.2570758113693823,40.863307860593906,-117.89218643922052,1.6680977931018084
4.958367659984821,6.510272528196762,3.8964706842882526,1.0,1780.396513441777,2.9991209643353964,33.751973352024045,-120.81436901874011,1.7937291476385098
9.880454585354958,25.403044575466648,2.65510765525492,1.0,1432.9282960071623,5.94258927100336,33.661224832117995,-116.27592277876758,4.529551273793923
2.4499667691005382,30.863750168458395,6.874021507598147,1.2367042725811386,1604.915551585465,2.0212279696963016,37.19276238890003,-114.28522929729726,1.6163849862177655
8.881115217522197,28.61009546627935,5.868246066224244,1.0021079237465547,4199.504668945817,2.9279967379751364,35.12590014038991,-114.56572633749717,4.106255754393398
9.877594795815174,5.387640008680103,3.365871593204115,1.0,1429.619955784678,1.6008718565074986,37.90291544565752,-121.34017460620058,4.475364511802531
4.1751858981116525,3.9083726141845876,3.9931106180150593,1.0,573.0663359308778,3.4862706787789772,36.79054850449062,-121.73661721562515,2.1698613567697764
1.2546881562039913,6.379654800512819,4.10947989889431,1.1175386995840335,2653.425659858894,1.9230286891483848,36.63211151033656,-114.42509468978778,1.0755088992653796
3.112128221482868,30.864971877503237,2.7368461771181023,1.0,279.7235131641196,2.6876733606168273,33.56374321962644,-119.41371512568534,1.259225779171833
9.759066281180157,28.761589269350377,3.5712905938977144,1.0,371.8857261307405,2.5887477636829064,33.83997205737348,-121.91702276915308,4.603513805074708
4.42061648505582,12.920780393873956,3.1470573992707154,1.0,1534.3272106972242,3.361396291638807,40.30024648574508,-116.93003036369582,2.0681629221888422
2.4606330657135955,33.52648123412517,4.1996802659839485,1.4344724451286133,1837.9326658662035,2.408209759264595,40.91588600693157,-121.15579676096209,1.3038063868458538
3.3106185573526203,42.82344260483812,3.68592311607797,1.182899319978748,315.7493733206734,2.3676022186505272,34.72949356240988,-121.32753024928948,1.6607421020680808
7.4214318918715145,3.120526952176282,2.583636833296843,1.0,747.8351148728716,5.335286501890862,33.57787476448531,-115.20750956922215,2.8894400809250778
6.221681083668674,26.404627120950163,11.123234204103557,2.3972044515487396,598.1946291359552,3.3663420717181887,33.00745838337785,-122.37520846623096,2.889985106010229
3.883126936368768,36.15483101723721,8.174473347726773,1.5693236912191793,674.0630665733125,2.400266227174194,38.27882733054802,-123.35607053533764,2.2726135679495005
3.5962993301987183,13.86790828055404,3.62695056828478,1.0,2817.4789543651254,2.717375517606459,39.29585551875195,-121.30813559828313,2.206057669380411
3.5428982631186976,16.696316169950606,5.523261618237323,1.0,2222.7611505556,5.801647801493292,36.04169489743045,-117.93054587161797,1.6567392979535431
2.5768143535015247,32.29553305245857,5.853185458868722,1.6639061122751826,1075.8623662641107,2.7344601993546767,38.95692074116108,-122.76912146596729,1.6425764405892975
11.813292891789553,46.794699965630585,7.975978538605707,2.0309364158392915,635.2623561676858,2.2802597245137854,39.2731087478155,-119.28405327723206,5.0
3.6936226280326823,42.30614543544787,3.569972845056859,1.177119241067716,284.3910790382779,2.2841673049148845,41.385751673270605,-117.7266288957468,1.5667635644869302
9.302610991177186,30.73964117407876,7.666366034439285,1.4020138034550234,4537.742582181813,2.411742240292821,33.11629955943352,-115.51263007406826,4.71713348951804
11.165064152726275,38.24130760561971,3.9782335070414208,1.2365218952566548,1982.4998944832544,2.3683675279282115,34.326771370695255,-121.70130408797746,5.0
8.15789800926778,19.60594598059773,2.9027397672657282,1.0,540.9521869534442,1.8006376652872342,33.150996882171384,-115.82653676617211,3.162906750109799
3.4591670129023684,33.68924193303664,6.617082902899947,1.160876129982501,2252.0574455713468,1.9161538258592028,40.74594236669305,-121.65093738868761,1.4712632000010213
5.710108665383383,24.775261147505404,8.300397204729288,1.906699554710391,1022.2653544949546,2.156037077500774,40.0295780203189,-117.23233458760359,3.1822770713957578
4.417096749044606,10.686742959335607,13.945593628035988,2.566414961833092,822.9459261175595,3.8061889288477473,37.95909967090747,-119.69326428517545,2.643579768777416
2.605902028904887,36.788651967740115,3.0651910307775374,1.0,1694.6161403373333,2.5792665745523418,33.29480239548624,-122.8531875762133,0.754320771645751
5.4445525082579,29.379696504789923,6.55067353435005,1.3274889802487742,522.4356143320665,2.7652618285540544,35.09646740721033,-116.85736537178151,2.4881401807857237
2.209079969160767,19.28970067963316,4.204180983858579,1.0983308416374309,777.6242827615713,4.992991404974748,35.32833855655591,-121.82237381450982,1.3376503808274618
9.139517855880678,47.47829869401017,6.775705432405343,1.5738756719168674,1238.2582873021395,5.043008658237203,37.82706036214646,-122.23376573975409,4.7843555274674845
3.3913552546047163,2.0676400091633966,2.750559043345643,1.0,665.5067676899986,2.683575434540845,34.9514169933488,-120.41677071410616,1.537772658486437
5.056607447537403,17.104430713724298,2.9888601372580785,1.0,2141.1218727808273,2.334165864279786,33.19311870717307,-117.46709755240516,2.8642240097526197
5.312022898772226,3.9009512866599745,3.631515559809973,1.2519229616061134,7108.641983771383,2.1259693743632098,39.44224186760634,-121.66003521209372,2.5942591657234177
3.8368703289065382,40.092893127302986,5.111973934959956,1.0025998336779782,515.7911148776752,3.9634319654743386,35.34126201072641,-122.16338461218115,1.909552241429711
6.372655641400187,36.807480159803426,3.832692249233541,1.1673414265061002,207.44675486783004,2.76797804662417,36.79755468172136,-123.90046374286635,2.871119518458467
3.370488893260642,17.89896315555217,6.4470440411346255,1.4041274147014602,148.1551199308599,2.5738479703998283,33.7128330323319,-119.28356902898277,1.328891889435062
7.559298375978731,35.45880801256072,7.468975545998028,1.3340806205915425,943.4391402655051,2.1695812356035287,40.12420888224851,-119.71354430684818,3.7291104277031932
1.9985305626600873,21.192798535993443,6.295474339836824,2.024485021403768,565.0054685074317,2.2081022503886416,37.872552830778545,-121.66132256362624,1.0476100058558095
4.834741908895885,39.56894336254415,9.464188611717141,2.004251852789261,1350.0008500069848,3.414473391513952,41.0650634489937,-123.46347835990309,2.851448649513779
14.344368116690896,24.16336679957201,5.849350630693213,1.6481778494539638,1252.125356973592,1.775043081046748,37.206979849120664,-119.70744125404163,5.0
2.4591142035362927,22.02626611941494,3.044209665351877,1.0,220.695330064601,4.472499736634333,41.44354388226986,-116.11794888928368,1.0529770421261921
2.984263604307844,48.67122568990335,8.545036648282887,2.087990487803173,178.5941959651185,2.426529731142488,40.9727479416226,-116.84717868672823,1.179019706354844
6.10034123510213,13.794834094425712,3.888165706822898,1.0,1474.2921279818963,2.829629041437798,37.97636863636272,-115.3920511013983,2.697175555679006
4.991562910114879,7.142814339824837,7.128974533394941,2.1133672683992715,1255.6753505056706,1.7598152232411823,41.371987662423706,-123.90417312286844,2.546075963450091
5.531052149564717,30.81169877623237,9.29515862469856,1.5574464256506688,716.3594037988281,2.989342981725072,35.569343099298244,-114.33580683195402,2.7681050992104534
6.010526075567547,50.43541242649312,5.945741234023671,1.6864270478196202,209.1091605440158,2.6344426008152424,35.973600545690005,-120.58587747372552,3.406738577795775
6.558965426457336,20.269799900086518,2.7224616100508636,1.0,1757.0495034307248,2.944584617474049,32.93204053740735,-114.09602203908035,2.8928658740240434
8.72174999402219,4.163874945067858,3.4305312528456375,1.0,3912.3736696663586,5.412350974364046,38.09740861425661,-121.47380539398225,3.986987690458231
5.73100663986885,18.30456863278794,8.407278230913668,1.4975940860459547,1448.0635212049224,3.22547174902053,39.35827771432487,-119.28463612421756,2.655464051523597
3.8777124585445044,26.80251437029748,4.629046585072731,1.357821511629829,469.9029149520064,2.186137583709386,39.84843230729998,-120.46072323424697,1.8125691582475147
6.7096327699916944,9.258073338242898,5.113220364203929,1.2141665403699968,1146.5952359979665,2.260242335835317,33.923254717437985,-120.44239285005698,3.1119854339825723
14.012210960681735,34.563213120881095,6.709535787941565,1.5479551508960152,279.7470827470407,3.811613058082225,36.71951118696875,-115.57717901251785,5.0
4.138857370050149,51.88521883952023,6.543872691197704,1.1608393475595118,3158.841779245389,5.050449839240004,34.1802005148922,-116.53581060262661,1.8152793415505588
2.4974804837547198,24.038713275053635,5.537371473807056,1.3918405145212023,1190.1615515894553,3.3627772945230694,38.790209814115364,-114.07848564769952,1.2565426561246542
8.708054496575103,19.091156393240844,4.556399150086558,1.0,187.13739660109778,3.9569957874537245,34.000490538006794,-117.86485317282488,3.9757824176302496
4.169396502131875,21.4359125085578,4.370741269922652,1.0722481301855669,811.8581554989679,3.833948029375093,41.08955499758271,-119.36743395605497,1.955484508269473
1.2170115109104283,6.872455098155258,6.980772123831761,2.113240697039362,1742.8927472968153,5.2995704247700335,34.691029133783424,-123.09926137053108,0.4254554752567193
7.451780568292147,46.046953672737416,6.180677000196409,1.2463512653821984,785.9965310715381,1.3773535366480067,35.26832152973832,-114.03438580486143,3.298970296421139
3.2504813349195674,22.15610843158895,4.468621624901989,1.0999835373516371,832.2261997419503,3.9231212558974238,40.583610060434495,-118.48469347067717,1.6284071861583138
4.244737713179371,20.750994982666906,7.635778706839182,2.660329689218835,322.3370679629733,4.452627705674697,36.855442296384375,-116.99522530309858,1.7974149766224201
5.46950543539326,34.64420391945419,4.7038736680231175,1.351564419313864,1932.4443575943733,1.7585867746444044,32.72796148510069,-119.93257612808688,2.7569497943508092
5.024368668122577,23.5437044674873,3.523078320356425,1.1212949081875485,573.3697519590669,2.1079854458244567,37.198569386425135,-118.52284291820764,2.410945054664479
6.859750633555465,34.05990690920015,3.656153799626659,1.0,126.91970253540264,2.1376068321835615,33.30316168611117,-114.57422268107112,2.59163833539864
3.451152308215153,4.133760796670163,3.34847047007077,1.016502495752257,756.530333308674,2.2445025636900064,41.860774827529454,-122.33580562068397,1.0658342614054082
6.097406268716974,42.4998905298336,4.441694702442892,1.0,2925.2923856329517,2.477656564127154,38.087059919328226,-121.07627415669745,3.109490842693256
3.8353933325171767,48.965701596849534,8.11317847110052,1.4164168426769275,744.7663562351162,3.310307631902039,34.93705986730429,-122.47940272221967,1.9646791851551686
6.981657051533217,34.08703469412868,3.589316978047548,1.0,6235.318785052696,4.247242124701396,37.85531795570237,-116.07784096195225,3.2900245656175366
6.483240680753187,49.682862371799345,5.340879311051563,1.2304872403006912,1684.0686307071464,4.629860708588231,33.23023748212667,-123.3795473957817,3.1836031416962753
2.5567496371186005,8.723048032868128,3.808838403755976,1.2155868750328147,1538.7999867697458,2.148716689944543,40.09896739055376,-123.18368350148661,1.0532324183513768
8.598512900020241,25.348225663498038,4.46324635477814,1.0,964.4921892565848,2.142811604352262,41.29061651170956,-121.01505887212632,3.468159657851487
3.2492426321780488,31.69214343121781,2.70738578736868,1.0,1024.2478242994014,5.085171400471476,40.80722168795852,-118.85811819078988,1.2319167730577147
7.277844105299172,30.66856901848052,4.53481690202958,1.3235446258896426,842.6707942956211,3.8911221021379583,35.74669722183635,-119.93725199440414,3.913004261922143
5.586608463148998,21.474550733541204,4.583751868678904,1.2249456724896424,810.5642482405233,3.1054105744722555,35.594797136612,-123.55183689329192,3.209953794229176
13.502977356813547,18.24230487767933,6.147928388131457,1.3614488657287456,1864.7218186785906,3.630370358553205,32.83333230655485,-114.42508442129048,5.0
3.9193287840283433,7.468025150071359,5.415755363138019,1.4373992505110713,430.1649630891096,2.968564454347502,38.68830340765871,-114.47130479641916,2.264455522066485
3.6342760213405434,20.97886497867619,3.0668259983446844,1.0,373.9440440104357,3.705558068640591,37.581595449803054,-121.20643676759241,1.8591863327959717
4.429772536017614,9.295701570379741,7.642152448666045,1.2745180465907135,356.66784735540585,2.626292934865385,36.863790527609744,-116.68474384731418,2.624896142927014
3.73628622567281,38.45264950110314,5.3877142148086286,1.8779459533795633,8481.601335373849,3.3451849173650365,41.12249405667971,-118.21424588616776,1.4052000561740454
7.242490515980428,11.650377710224088,5.362109209272984,1.0,1863.744475092093,1.6417809206220013,34.09484956028704,-121.62523304994376,2.807845037430639
1.699295298689349,3.9868305695112265,4.934873595346953,1.0,1486.9646919313168,2.2816212893255874,32.591829533556734,-121.37828448258385,0.7524084954433049
2.3816429115618174,29.17067302867895,4.0264980224158124,1.3114551682251907,380.88036748093504,2.2914745743830527,33.19650629514727,-119.0884682568955,0.7359991119845999
2.361550150995907,31.356716368689483,5.403900112314687,1.1368018884271192,2045.3870164615919,2.5863406150966286,34.622028659360005,-119.8076305850264,0.8283267252022772
7.926285820009805,45.46756612530578,5.9908623959167455,1.6777972970185966,975.9668820842691,2.073824937483075,32.81621271800284,-121.08770671768735,3.193118637878057
12.507994796092216,30.426062233301774,2.462659155034757,1.0,1358.544168630482,2.426821920375698,37.27701525110979,-115.92488403694851,5.0
4.209443563956724,18.61952353989573,3.9928116825038926,1.0,412.9719546077203,1.6392427133518581,35.48385932471899,-119.18537082362616,2.10508870070974
4.049959844317634,41.95360595784235,4.472829525534502,1.0,1287.2569749718557,3.741476017135513,34.21458857664726,-117.45151937610872,2.1812663647876365
4.67407507322821,28.554223552558476,5.4874751080783195,1.1996103547646715,717.7824019705569,2.906630749739519,39.62579871201229,-122.10726499832124,2.465960069230693
8.999121680919064,5.0432945161907785,7.983080801997413,1.8531930169586277,509.98883992034183,1.5187945437421901,34.44228759920904,-118.66492337483513,4.149419062007897
2.569183436637203,29.85837857597558,3.637525614141805,1.0697352229538206,2284.965799470335,2.1512908036571075,39.032248459441035,-120.82023950553379,1.2580839442501615
5.170768841955571,47.30894581650478,4.058507362343903,1.023990786433042,235.6369307657514,3.437142889911365,35.81801660555257,-118.73586389605121,2.4331176169815327
8.04554544877482,21.21194390040925,4.034919518771194,1.3666798702037324,1929.0371363243066,2.417638461685176,37.36236372629427,-116.19174166589072,3.7493524249419616
6.053620373823002,16.112615896889803,3.5944427203605698,1.0,2174.352359757357,2.2732793031107947,41.37173687858754,-116.31086789908738,2.2152947471940005
5.021601817508496,8.316942307919023,4.310808191452688,1.0803474379304052,455.0268027909113,2.915854539115028,32.854840530750224,-120.45779321965725,2.2183946398496257
8.171297063230117,8.723721618703223,6.741759120621134,1.7990044278130082,482.833338319185,3.4467750097145435,37.252512821035886,-117.05722882920361,4.286327597502899
0.8852020315413771,23.07134570143276,3.249385176078483,1.0854226655361412,877.4099409996179,1.6912349761542758,40.61701812311237,-114.58710049605723,0.15
6.7310098992214575,31.379671032238008,5.877466243434321,1.0,1453.945552163649,3.743613765939522,38.08575535951831,-117.74330670075094,3.7057947863430027
3.0269472098344887,5.111385663649689,2.5073818171354914,1.0,941.1899775275748,2.1812163662316153,35.13026991116899,-122.51589876617363,1.415744065677434
1.4942438036030046,48.91799804028345,3.956915475504235,1.2690856162348048,1691.8239058475992,2.982699648402441,36.27797078387783,-117.20291370720905,1.0067797007932817
6.090447497418888,39.51181448970499,4.341432140255451,1.0,6393.132539583798,2.961902930564606,38.96252347292146,-122.95095613650689,2.375899246101293
10.21845221974761,30.917819832466797,9.678857516476924,3.148130384299964,660.0286418691421,2.43311797636053,40.96271299598113,-115.27889591206973,4.2248651816993
4.126918040463126,43.25037221788853,4.437446409955767,1.0,197.31866867284444,1.9947846537791372,32.89013055059281,-118.8333950419806,1.8722298931458339
7.9385030784424115,5.089524597417778,2.0534116114695915,1.0,2504.698339791687,2.6797550223214186,33.179618807958576,-120.1485926368842,3.5634343943832127
11.79135876076613,25.318782764389343,2.2265302616266966,1.0,5903.582068550122,5.7553630452312055,35.587989474291085,-123.42993405350308,5.0
9.864561339600355,33.134749469944836,5.020913225247574,1.4130834699732098,1624.1962598011169,1.742515898924827,34.71140700215605,-120.1921626540789,5.0
11.988869978769008,43.26129821203275,6.331317449071911,1.5056243199740382,369.5371677525731,5.911651344145912,35.01684341911286,-114.9679333208421,5.0
6.995565824130673,40.95694756251265,5.75565208348757,1.0,968.84790304097,2.70773239923726,34.60206498694587,-123.79017003713697,3.1143880426489225
4.689191517832988,15.130531735383382,5.2964036960248135,1.7691193947328132,358.33794292525454,3.046972780758327,34.360337964124,-119.25351842218195,2.2208107547438956
1.7139840473382324,48.98488864751942,7.8845396759979,1.924294796856418,2085.6909995155297,1.9451044461450047,33.74092768525827,-114.68841908889378,1.7643283137136276
3.866549499462805,7.341637912974388,3.9914856769328098,1.0,283.92485193992434,2.206686862278778,41.37256425205476,-120.05159000234978,1.1614847915947835
2.70216159327355,45.63181454967876,7.084889115432108,2.0401945272853883,812.3012047351201,2.456742142648968,33.86979990710845,-119.71824312537849,1.5961362216179569
15.0,50.51795272983555,2.57846444654773,1.0,401.6825795890661,1.9772797009529477,34.44183586027259,-118.2143994480088,5.0
4.032830604044521,10.034829684353904,3.4487811088151417,1.0,1244.9176786357411,2.7633198940948476,34.83952437781746,-119.37062666422817,2.0759507295812005
4.8255411506190145,37.82536927439305,2.4041188214881397,1.0,760.2583599866645,2.552807268586032,41.363641294739,-122.31398308762448,2.351399697302902
6.23944493452475,3.054561457677922,4.437370093780828,1.0,1308.6640716905067,6.298505965715738,39.67928426921031,-123.81444460930139,2.6832682987059835
4.60048378134857,21.676564082096903,4.862221893127375,1.2878018083396343,1121.4194803189946,1.8844016165974287,40.00214458799739,-117.90188342021298,2.47796048034087
12.391746228613496,27.330448259081376,5.184329909063088,1.4226106930804887,408.8469874685209,3.1301352256422756,33.49520346561573,-114.79193412992188,5.0
3.0845641992665693,30.612906521391338,5.077166554679498,1.275122559701325,2052.6297676725603,3.317257916050434,40.44494381264888,-122.93635866972835,1.4370792726939632
5.036767328104197,48.732799660676534,3.4177371077427416,1.0711886223171676,1044.4381331311895,1.9578986495549462,36.37783427726547,-121.89047280747246,2.759908214260191
2.8705901866583305,35.284785052003926,4.590108500447144,1.4789410569962493,408.08316610889045,3.954012943174121,34.99681874901769,-120.29770514175027,1.296538648395139
2.029899923901063,25.545175512181086,2.721059516421577,1.0,10310.587472234942,2.5616951180392817,37.96962579344295,-115.9125777097888,0.9643949513335246
3.1047666061438655,42.293426849560355,8.54453237472815,1.303479486978763,1765.9254508605227,1.108540338264721,40.31073760525897,-121.30739683529022,1.6242154267890094
4.383195049305,49.47717386867485,4.38657864299332,1.267922708424721,940.8083444215224,3.911573977721022,39.89719543521164,-115.17945595721231,2.3375218984543755
3.4639815528269926,2.1253735827968327,4.073267701493351,1.0,4515.1989391237585,1.9217258189870243,40.95497608452075,-123.45042125349934,1.7330280211585527
2.9581007150687304,51.10858488505797,9.351868205136643,2.460584039882886,6917.540797636635,1.9756353079621793,41.31725576714672,-114.59043378741065,1.4082506429248192
1.9274724279680466,5.392739092247697,3.013497567019653,1.0,948.2807210639302,3.95571288155227,34.76215967856362,-118.39252922126235,1.325104019822132
4.263697136956973,42.53372574270683,3.15745130902483,1.0,1552.1517708137458,2.6146634960365374,36.52664999460808,-117.41222321512295,2.5970023295578955
1.8169654521945455,15.297072380122037,3.1947596882406986,1.065195820129835,408.2979518382225,4.336679053784188,32.63897112244817,-120.32310477463646,0.8281946341182762
7.071223910943729,7.741162545447459,4.820373657304738,1.0,946.5343383013097,4.874738383789596,40.85355576301807,-116.1800571448894,2.9162744033150334
4.708944813194512,23.43263762540558,5.886447365029672,1.6735308864656058,898.6893698580429,2.3210707650701083,33.96843543901029,-122.33433749915594,2.0506209092156924
1.8691225578013209,33.84178555182829,6.658339886887067,1.0045564960560545,1319.2610307384714,4.125985904506238,40.684010717255596,-123.51088174721512,0.685850797032771
3.7227943429888004,20.428544096197225,13.857105408956613,4.641163378165061,1529.5983730263358,2.2206849391410235,35.629179558872664,-120.04483056892443,2.546239103831605
2.853956156021505,3.782835822417647,2.0142099181220403,1.0,1919.51618987452,7.339321259206142,35.997269104820816,-115.4630428601896,0.9001110518824796
5.427641569940515,31.57251812259455,6.318578333667043,1.0676934382134848,1390.8114827234263,2.276905304057324,32.871756417596664,-116.45073163362305,2.6572575356125063
10.01686595324524,47.02256708164441,3.9635804506554386,1.0,326.77026594657957,4.5287002436074255,35.60534850277054,-118.82844029511043,4.4150478373208015
1.4548408572960017,20.543983663309838,3.9174226113215016,1.0,429.03259465513463,4.210224662785861,40.939454986612006,-118.27862252834646,0.7824666188865435
4.801919085490164,12.032971659172178,3.865500421030502,1.0,634.9792876815114,3.4090550070035226,32.74270031065524,-122.70107173701244,1.9724710434740333
4.07112886196901,23.571444642573585,3.4435128638181176,1.0,826.9625485429348,2.2974107672593687,36.36011099394389,-115.59318491382417,2.4155566416031764
6.704668306065814,3.4664982634878245,9.716349031236373,2.318153948171649,3136.2223785139154,2.827635933111168,32.798296483221044,-116.13040317035804,3.396666146640343
5.0932593882066035,42.84486680849402,6.937343573161328,1.0880190965728374,342.77046097072315,1.269425904823731,36.023772538536114,-117.43529606113057,3.1409453806574277
2.854276514342892,43.14338135845952,4.999202458558248,1.0694814438857196,767.0752850989609,3.2863187434526178,34.14008608741277,-119.33808963671062,1.876554593032896
3.700868932131319,30.98802363491105,8.502891660490704,2.6536384015153045,2844.121462129011,3.4550817987556925,34.896074736049535,-114.35540731720488,2.021994092619887
2.779815297974737,19.008247335857863,2.7046930042014217,1.0,812.5053716985968,3.168948304257719,40.83718454503348,-115.2096802812353,0.7412441149664559
8.547204608870754,41.78895158673495,2.908734036338816,1.0,1737.870252745657,1.0,36.642467595907966,-117.55569506485381,3.751353423142798
4.539364340765033,29.289038264206727,2.0726187557762645,1.0,953.8037686696096,1.8107577823862337,35.10108091831817,-120.28199002282712,1.488393958044851
14.023218377774697,43.12254773605083,3.744298129124669,1.0,1417.6888543715643,2.227241015830434,38.09871459053021,-117.81977721318488,5.0
4.321504094626093,33.204398421734055,5.2839789909730746,1.0,872.643801693444,3.3759054616491877,33.850016118409535,-118.24559073469335,2.0682026229879713
2.929863807461862,41.00467913385266,5.161067465065691,1.0554044235221092,2136.801732801489,3.3727740374064505,34.96422027049813,-120.05758012165083,1.3725180414515963
1.8071867682010816,31.526712654105758,5.2579265889277895,1.6633821975637348,233.91167634633592,2.806422339077255,37.68935569222744,-120.93326028311924,1.0434946222625998
1.5190971744993431,22.121194478998977,2.8167317743102824,1.0,762.5651836725519,3.8732665262143082,34.75646889755665,-119.92989207762677,0.8715815732641538
1.7324185434288377,49.855238856233015,6.829571249709546,1.6989883621832025,1475.2351454240957,1.9927250022099225,38.9517135053083,-118.26088593966603,1.0345699653213656
5.260762565160106,28.59680506882108,5.451283073492374,1.0,1870.002876356851,3.8347107271133156,37.16916737146546,-119.71865155288906,2.311529595053282
6.081400494469422,31.85956544556746,6.640728774001512,1.182109238818109,4880.254371293734,3.632411823853275,39.83389616741957,-121.36425511798616,2.87888706079685
1.7354826840674789,12.244869610152211,2.3230828749114476,1.0,741.722610618114,3.4939115380128785,41.50832308936345,-116.39036682239191,0.19545293132647906
7.667748212029066,32.9081902607911,5.6102559563919385,1.4907407731037312,4814.953957402074,2.793188647273939,33.60014644880037,-118.68532504042587,3.4114117900204017
3.354032552703206,30.151990123630135,3.0798900676682353,1.0,567.3498729722389,6.248225665559911,35.679317594853174,-123.323248367744,2.0335584161070366
4.894322242192585,10.426758295298272,4.225217331859123,1.4309605215078276,4140.808806158107,3.6593234309578655,35.53571609734486,-120.31683494373874,2.2143314794838465
11.790951048099265,4.038941965010329,6.133379845690399,1.3678463455961922,2483.6067733021177,2.0394204099086783,33.93623773370391,-115.15086542788006,5.0
7.67603846740218,31.822325305453326,5.136836599854344,1.7080846921952881,439.89735709450343,3.317867277764296,40.19787980466797,-116.44763468800048,3.959748867226891
3.8147747176260265,39.948305736866345,3.523250524960023,1.0784823490052875,1490.7568712531966,4.059230204484838,39.718847688368506,-120.76753216055992,1.6139523010281778
2.625534947357421,27.69346991702242,4.965476488971736,1.495042676459571,1041.8613629485637,2.3744279858865243,37.10204197292679,-114.61816847955491,1.1152358322834428
1.2323350190630096,12.565403891301932,2.684208433557528,1.0,2049.9785192747636,4.644616926420258,37.60882238904879,-123.2339709164179,0.6163318948689869
2.911033021671974,34.99262081134478,7.8468090472575245,2.1606719423520326,877.1942061332722,3.5001768027340776,33.06566931102371,-114.38765296107812,1.7567151952282387
3.9484451033906445,5.085392057089715,4.562571509959206,1.266572803345772,806.5402266206074,1.1770468886777221,37.77731984710693,-121.54294907515325,1.8158759262123871
2.4785960319149107,23.533518944899686,7.747885579600261,2.1364351105643955,4311.730379820108,3.3867433330417347,40.01774447818654,-123.9090581969758,1.5439410656026498
4.142277758459102,9.33170467831943,4.0123910087609005,1.046213486706107,993.5447517772462,2.5538150476122916,37.95136194904664,-119.66191963481673,2.3806719936305316
4.693183466861376,10.407411604054051,4.017137581634333,1.3950828021848611,2505.9478475144765,3.724273971357998,35.02041051614398,-120.41029570312992,1.9432246141484282
3.9160614278246015,11.316991407068386,3.648533424504252,1.081637336016005,875.3716289199618,4.3827918767139895,38.8417085871762,-118.60910994793207,1.6337377693026816
3.034353695753316,20.722059909242873,7.031988835262764,2.1474939910442017,5806.093562370814,3.2480824890655615,35.93414008466985,-116.03227139430155,1.8368106067005616
4.958943942159453,3.6086604866402787,3.7293260626209888,1.2101385723849927,556.4989982724683,5.848006848774595,37.67629620071448,-115.57569197849553,2.376975962515008
5.842532731592357,21.287465487384008,6.409864763461297,1.2379240578587094,593.3927373601865,2.796915621250294,37.131870951149786,-119.98770000388308,2.7486675421902516
2.3297490397952836,27.09707980284974,4.250425267758189,1.0,5036.754378548835,3.8571444473372463,36.12116250916921,-119.7015425629365,1.1121593413038042
10.449555356076038,25.648008533282585,2.247041989722166,1.0,702.786824585582,4.145307739819831,39.32934081374428,-122.51822269670527,4.6934426513263965
4.22427277033531,20.52198912055507,3.942733927411926,1.0,5437.497992298394,2.8894368237010637,40.89682306386588,-123.52452391118837,1.2831951349149768
4.53266367207417,43.796477011608374,3.090573629374543,1.0,2675.3636114186097,4.102143833166505,32.54951892553078,-117.58785009764975,2.071398986551713
6.854659595593497,8.411661313445709,5.020658445140368,1.1987159217987509,939.502324876091,2.368201497224856,41.36935693268849,-123.35562374447308,2.7783801107710278
5.154807007058437,26.79053393285007,3.0766363489844415,1.0,178.8784505510319,2.5369755225696533,37.35939379279064,-116.66169880578543,1.6690098875875035
7.939751522293952,4.1641122647842685,7.173473886567379,1.8322070057440776,1075.6513840735972,1.7771385664316586,39.15695286345102,-118.60909854977753,3.7786719729392395
5.324264069432414,4.628939622773397,4.775838954889554,1.0,1213.9442567233955,3.3087274078952205,40.628433378670834,-122.01417021773916,2.0975889278740927
3.1035219366836504,30.26715833353191,4.613383806129185,1.2596520591693066,3523.526921536008,3.421573969973092,36.93748507698557,-118.6047705648735,2.1299799820950334
5.56725500740977,29.866939669278867,6.438894443498535,2.0321708288744005,5369.26966918651,4.81485178782555,40.432253696966455,-122.170022833979,2.3630848482867632
2.2563856780517035,45.77970915506731,7.283144994280929,1.3218916148050979,552.8091480327561,4.122484442912915,34.18738828482442,-119.61262792489588,0.956170461816515
4.783324579498825,29.451557458663732,4.913372154711409,1.3210404216339684,2443.487898053696,2.6807102480505502,34.01209157755824,-116.00439683757772,2.382684417162947
4.393218076654945,49.94934204064736,3.63831215409811,1.0,2357.6064235018157,1.8752240114629113,38.74597800413346,-119.38080706589362,1.9872804697512934
3.9555904639411135,3.4834372683964183,2.4361335054897286,1.0,3208.0312249762846,3.5720517872090336,40.7663585527415,-122.51300681702452,1.3069258703994728
4.149042119973539,5.9983919238177945,3.7643684212713673,1.0,1805.6752709520194,4.684697139885146,40.97804868659237,-116.76171318177055,1.8247318145040785
1.4490245018739556,3.247358940089451,3.8694605375405584,1.338873544248575,157.19739506716226,4.063619136700969,38.61553435458384,-122.13231583729991,0.42195127595424103
3.2244585844240183,10.44911936701054,5.169743019524883,1.182546838722117,938.7766274524034,4.635717604182873,37.49214768698852,-116.61450125629891,1.21941870860129
4.738435133963927,28.604775658025584,4.314326580339577,1.0,345.25815931843243,2.760037281756735,35.6482343331169,-119.20647710784166,2.864027504129094
4.932834811132617,33.92418125279883,6.52194855110229,1.2017662555598376,895.5107510624649,2.4926649837257107,41.810003948193646,-119.46258240905698,2.3008554155115344
2.419098416154157,3.3248430553821087,3.8760116181847932,1.098928142361458,2921.943441798911,2.237232160298802,35.53710902332938,-115.48564962142525,1.0967352927857543
9.57757764439996,49.24451538212556,4.841301227531867,1.3162968373425954,1487.9443803166455,2.9377424532902543,39.56976801870014,-116.91396475659332,4.4960084261107705
2.6652426151964375,43.95043420916944,7.9533639479760865,2.216685442918733,3456.7733197590583,2.911195092584571,37.553827099097504,-123.6708920304506,1.7664901022038504
8.01788218514112,16.127236590011748,5.678744023064883,1.0,1543.4167717405285,3.263078423246364,38.28086725399079,-121.03825685398398,4.1314897587240225
5.7910673432319255,4.936564041549866,4.835502162192826,1.5894630064290756,299.36814204572227,2.852743084523441,36.23806523059195,-115.29079339150101,2.5608512530432224
3.041234790680247,9.664240734171921,3.8931641113074966,1.0,88.15996896968322,2.8478060992666165,41.66581969198636,-123.81673831454802,1.2172934127187898
13.003083681030569,7.474165101503607,3.8447456168956604,1.0,1272.5890949857549,2.2019038639031026,37.93098209794307,-118.54746553738029,5.0
2.1898168297483194,7.28747274424629,3.524556803370126,1.0,885.4301159329618,4.378243451237283,41.40898248935851,-116.72174330826056,0.6653941909331004
7.77950338714152,27.44664612195243,3.9892261059737533,1.0,412.83758568587126,3.0975368306596285,32.57211845365219,-117.78143914515424,3.3835591841844956
8.169023595913279,13.538219567163415,6.701064105467978,2.162536587428864,200.21118818280823,2.801688934663553,37.94037054031565,-116.39467797895564,3.9587692421811513
2.997048210787566,19.265125542986368,4.532368685569924,1.522205971777308,525.9766323323917,2.227830626381663,39.31327545239008,-116.74308151085255,1.6887485168573344
10.33441078645839,51.46477200260045,2.886633003541427,1.0,902.806744114386,1.763384115669015,39.57826162604107,-117.07969304846887,4.915726218981674
3.857317876238302,35.90002669519258,10.046936048473853,3.243021968778435,2134.2654687073004,5.069213498253141,41.09728037692597,-115.78460139074348,1.4207398052168267
5.3292801755606165,49.39801401939707,5.6293054939853935,1.7242823134492398,1324.2891204369014,3.7503736808810966,32.54181528553597,-117.54309331550462,1.9377479403923268
5.239327253021678,8.270384306688896,2.8213701614164135,1.0,5475.655355591736,1.5689911967126302,32.50313651296503,-119.97581505743018,1.9177798294792439
4.134699920053775,20.489113216461032,4.150631241676504,1.0,389.3177872657007,4.076573961275054,36.98650287755454,-119.28090890085413,2.613538883558261
7.2898645375695486,29.29132196740007,5.1776669193042215,1.3741104989698876,2646.6736181044066,4.344855354645916,32.77829019755102,-116.8327521731855,2.9178646311944507
7.21450247151609,4.914661156325639,9.794655084183347,2.007012165180102,1149.7487774814717,3.1574048775707033,41.75805925979256,-115.23693970333206,3.152541698728481
1.569694188601596,1.2135596250258511,3.1795987726098747,1.0009977819832163,2196.6068858341405,5.693039898572514,34.609619158143225,-121.27781199160225,0.494884359423284
9.802173489481241,35.19215102364279,7.318579763306225,1.105580067169809,708.737442260807,3.276211934106916,36.99031492896602,-120.5792320402893,4.654307225157283
1.652856175982812,33.732795356873204,8.669356536448769,2.279727220803455,3202.478671804364,1.7044979140759422,33.080807485116125,-114.69260603637588,0.9300577056075323
8.32720380874451,21.950229309980198,3.8517911657612225,1.0,1473.2479884659251,3.476644485863995,37.459459953626954,-118.21488207590555,4.352194149288691
8.811195088378293,25.971847877633664,4.432636494244567,1.0,555.8814294271737,3.3133472118711014,36.10958318890038,-122.21038182864999,4.326826549716781
2.3289561010197772,22.18759303019657,3.2722450240921623,1.0,1083.526166960582,2.360046354280109,32.92427027433362,-117.36304861087618,0.6504788061799526
3.502620586139538,2.2242572870893316,4.565899528377033,1.462443418365183,863.0254157065291,3.7788643755734626,35.68368053361414,-114.0923784446062,2.5267941602520434
2.308452066673291,18.103951917090583,4.881067813950587,1.3268649755599868,1788.5819007575853,1.5417742960656986,36.21864219211713,-115.765464355296,1.2886893807818969
3.9394746695815974,10.031195025261782,6.4485803076082675,2.067637939958189,337.04729124992764,4.464810315865475,41.90425416711193,-116.54258863448597,1.3817144012702713
3.7254193753781517,6.019633644169806,7.660470374103934,1.5544582234432087,1064.9129075851993,2.114358207710968,34.47491578323407,-121.91953345733731,2.310747169304117
7.154892005772088,49.79274212835684,3.672092173472289,1.0,1628.3251539759171,2.0259152017753492,37.67540634601595,-115.23860215315993,3.3462971740706946
9.837339000086565,31.567345977150445,2.2548196102709994,1.0,1133.4522095252128,2.87045367179976,41.87949771738697,-118.74211156464453,4.596890646687247
10.354386915441692,38.161470496066734,4.911120327026369,1.0,4217.2614226419455,3.572226858505448,40.02418247543128,-115.10709977928045,4.477513226792692
3.198555123887671,17.083550906571993,5.570111167438167,1.4558177824504082,2378.0183031091706,3.2077495786440418,41.93699125837985,-120.70172170575121,1.625663445344566
3.9529687375809397,21.050503604194777,5.472672521416446,1.5449620764131387,1088.460077365527,2.2320854630680134,41.698833989271606,-123.37948947364568,1.6702498539720572
1.6322135254681036,13.083123688732897,4.346325176243236,1.1664792720580104,1361.9722301766524,2.4536195054745535,37.150625649894465,-119.24024031340254,1.3164381216239422
2.7634446416004685,5.945249219236662,5.206463527958805,1.5476524170708374,1473.897529214016,1.909388552164027,39.11557057377038,-121.30162395182123,1.937940039179065
7.995756631213385,10.130613509520773,9.08094192385987,2.3998015039165557,1641.391446639634,2.7459525824876447,33.54920970594094,-116.84770710223702,3.4127186901701547
11.814761144349573,41.67321631012078,5.7701245587094485,1.0,176.6803211351083,4.618216011411088,36.69091383794462,-114.42893447143967,5.0
2.136973716205011,35.554836064372566,4.265897659672605,1.0,811.1667993940293,2.999047759981849,40.18567615153363,-117.09025848848437,0.5978535956986206
3.1409378840466653,28.89337267525932,4.054879104386809,1.0919583258142058,248.5293461707236,4.2366196626805515,37.30068554928286,-115.13066070290796,1.3201919218959017
4.4112431617618695,25.22958351620517,4.627695707885206,1.0,3937.419929096189,5.37716097507237,39.1756408117637,-119.46975986398793,1.8432960529200646
5.302066738947015,48.044148466462346,9.5323948760045,1.5817009953826184,1031.8932285658464,2.374513542710093,39.58463763485063,-116.28359262804699,2.95846809088899
2.757261254684287,4.709482336712089,4.602868592460143,1.085911283879827,903.8460528048442,2.7881288249684726,34.90795684180749,-115.56956563328296,1.3487733383513987
5.780190419422859,15.310641475133714,4.913970457576476,1.2818805428264957,2688.657646925776,7.159764894179552,40.81914404295437,-116.89124372416458,2.4267362501114005
3.37264192674932,18.846830532106416,4.083990489694449,1.0,1672.9181863831877,5.353429399448629,36.8683130936372,-118.92222713930435,1.731689162140478
4.442994728469205,40.90371642285218,7.687482394447062,2.2607866396124563,354.73303256451516,1.5388543171810436,34.496758484404666,-117.74133890384633,2.4943438055923886
6.220003993559321,51.61824562826054,10.847502855143748,3.023786130158738,1021.5686708221868,3.507344948882482,40.72145087699022,-116.9949300432112,3.313957322528822
4.498991955919037,13.274196252614807,5.93131071493722,1.2845064294947588,784.3324915200833,3.0048390233027495,36.46927865800941,-121.46915596778572,2.6199694087578016
3.4492901825411537,45.58967404099111,5.119768184257363,1.5409196989737934,191.61096862018783,4.181128743204829,39.62796816460734,-115.90420739085015,2.278278332728073
4.196429806166978,43.361760782021356,5.0264457965588045,1.4060929634415626,549.893029098824,2.230015403853911,37.70631418610513,-114.49675461032727,2.1974937350284756
4.250268785046112,12.457527279730098,1.9084230723631928,1.0,912.7478618379729,2.147182786800795,36.12778164622775,-119.34760684820064,1.8232733964692942
3.5894298799327795,21.365961590160353,6.6729386873727465,1.7395386261550667,977.5496354341925,2.29233675398541,40.19382594286641,-116.98932816890122,1.9255489843805982
3.837121063614538,21.893316333918474,5.226106607828723,1.0,249.07861669283824,2.389845170244859,38.05246435062382,-116.62974094209646,1.6418704510842899
11.695314626240974,50.88925409485447,5.878706885330174,1.7007183478370287,3469.1524176019193,4.162557490420455,36.210339973056804,-117.3775245247852,5.0
6.274863104505049,10.225486970323814,3.726297533676116,1.0,990.1900962485902,1.872958995381477,33.54117976818371,-118.52884891671364,3.0525937797031513
3.7535865985664305,41.75705652634388,4.247018674431446,1.4377090095135614,1138.598132861013,2.3418809705019017,41.00673048078372,-115.18352045425189,1.6048608060734588
6.808505522539643,18.043828422828607,4.2021236371637025,1.3177731738512484,1637.0344771688242,1.4687255380095623,32.836961060745836,-119.51073290731105,2.5615764869383613
3.6682265124206777,38.27438763458418,7.453242656709304,1.9940322963909798,498.65962366310475,4.49446720075819,40.700279809496536,-123.38897043513397,1.3275929791755834
9.060051302368947,22.420561219078806,4.256707888351449,1.0,1730.829362893695,4.994873266829103,35.919634486389974,-115.5544362428784,4.261134348801794
5.5945075137162705,30.496347918943542,11.393740536344735,2.1732817048009565,759.7013184397098,2.6357575281860353,38.57371825326336,-117.2601872768345,3.39432140746143
4.202244190250918,43.463200439632686,5.8846364764979695,1.2833036778435245,447.38273529990084,2.6666426696092667,41.26089737643901,-115.50741373500354,2.2342837873592067
5.862816710851524,42.01244381417809,2.9734620162695085,1.0,1945.8369915936398,3.601277922387727,33.941212847287034,-122.61452557555306,2.683647376955195
1.7462564212696845,45.18758236052471,4.704791618573794,1.0,4874.017666413596,5.418357921046422,37.8860295185687,-123.69247059490284,1.6206658212803586
2.2794621560158403,4.04048359257761,3.816485416727374,1.0,2263.866278893699,3.5375850285707178,39.762112192516824,-114.65625459617499,0.9666577936834448
2.189438232670555,36.29457820502699,2.059054737237795,1.0,2759.9768338419126,2.2727333430538432,39.69704641083104,-122.52271694149425,0.9397051005470073
4.8830296485854054,8.139356212809906,9.39134364385387,3.24510894862673,651.5599387196752,1.5721922315084247,37.493503188695286,-115.90347667929548,1.8291072111529918
12.673446776635556,22.206746968938962,6.561747908217158,1.125896930789937,221.93405114650807,1.923121207294378,38.43502486911135,-115.76790057819365,5.0
15.0,28.97800916778911,6.130540550138891,2.062245350243919,4866.535283388227,3.093452496999688,39.69650644426202,-116.91294799450998,5.0
6.572081892161167,21.53971372208837,5.291815936154163,1.7606697263552864,8557.08513390274,2.311436033066392,40.48976255869541,-122.68737788907129,3.368367729986166
6.0527135065299715,27.500195465953382,2.849640860621191,1.0,5129.722144177979,3.2478300044434545,39.73722442032071,-117.32601375439192,2.4460098452370063
1.5209959636230124,51.82284174872957,4.081861540051792,1.2040759027270092,783.8471667837714,2.4080815508508033,35.86304696022181,-115.10913416673134,1.100831435142945
3.2361867904281834,7.896082999355591,6.935910321119444,1.6452649262508443,345.6289017807673,1.9674561767330696,41.96890081004847,-119.74468355199117,1.5909958759315466
2.793596262701821,35.448258312157705,3.2527864169700313,1.0,377.78199716824747,1.8760853540036238,36.62777559033339,-119.864831456214,1.4841551662248123
3.0879005954424206,21.196049285666376,1.7991103154199253,1.0,203.6224273088068,5.612194411516277,32.73241467620987,-119.5714169042058,0.4157109360140867
4.051607471232734,7.783499744273768,4.5229190679347555,1.0,984.9800445137431,4.287033919125189,35.94486104006189,-123.17728109323794,2.0519203104245904
3.3761825676999715,9.095574932089786,4.679994704393126,1.2432216730981076,5462.588048991514,6.002686870445294,33.71393806845151,-115.07974430970026,1.653516559683407
1.3667287540111765,49.41292841852646,5.229027773174622,1.3053009461662852,951.7832860064564,3.728404373778077,33.65370484941956,-115.30817136019489,0.4436295244966681
7.019880209164339,45.85967633229986,6.628691719866018,1.7626173442890416,1483.7425136460863,2.529453917493522,35.174582881015496,-114.02090678209714,3.4096860854890263
2.354560732414017,47.259139981166115,6.391968784287259,1.3252604150975469,4339.858245805403,5.100488752673077,33.00706719468398,-118.14816858501587,0.7345004500634261
5.173493152379702,51.568171567196714,5.493183292037813,1.2271308199295798,732.0909011626763,2.964690965277703,39.04086578989085,-116.48808363548615,1.841578234790309
15.0,11.624084890434416,7.990174147595245,1.3325979853499017,8396.174435253086,3.281618376290031,33.2028943999181,-121.97328093692695,5.0
2.5814964367853195,19.127406205567148,2.6977338011739684,1.0,8039.276796936751,2.9531436539744833,34.43125077664158,-117.3247118177583,1.0909240891290368
0.9819916107900704,35.1301705261682,6.0607449755883716,1.2163395513768123,961.8789982594907,1.0,33.38254728769414,-117.50267151242609,1.0239616206994377
3.7749889927613673,25.67392953289301,6.3637342121945535,1.0490575876031412,615.518951756054,5.708144444499128,33.10009344357879,-114.98791264158388,1.9627469948319185
8.676131772388127,22.337866202295007,3.016734893952803,1.0,2202.25705249759,3.6561167188997232,35.04364082262565,-115.69207277160926,3.8607161500476384
14.512472796465376,19.248373716115246,2.715162370383291,1.0,774.6993801188413,3.427836226453778,37.93304019277352,-114.61533537382238,5.0
2.143136142336227,31.28281222911606,3.6752573205459944,1.0,344.9656279482924,2.9308414763540567,41.664512786245,-115.31166527298393,0.9239641222931168
6.037678199220211,30.355264860644183,3.8014532316022605,1.071206027429189,3949.0828992113857,3.207112912258759,40.81778821632126,-115.31306105101149,2.903662454880949
3.3899450978338592,9.234349537276245,6.695045568051289,1.36921414485661,3701.3296068276427,2.365734218738353,40.82137229173058,-123.36276673311282,1.6046191652693162
4.205658949864307,25.05873171344039,3.8736006946213943,1.256244095030264,1281.1477102068723,3.8444545791647524,34.17263684235775,-115.54038047304044,2.2568201475989973
15.0,29.227060586702343,3.5164803636430704,1.0,310.17456325619236,1.7809744569615273,35.01661833822929,-117.92521605496881,5.0
1.8188743176757318,30.084633875300913,3.878104507697813,1.0,320.68962298407007,3.2362892265152694,33.225736509555404,-120.19555548234038,0.4630384195281131
5.218676349760719,11.715466838529942,7.7481409228115705,1.9643690225929222,1220.7604807665066,3.760791303162531,39.895449229194256,-123.43485375611938,2.494739604912172
5.933509760236989,38.855841004866626,4.978941656871601,1.1271905869708694,665.2274188958795,2.774671457431247,33.16325486411284,-117.22326225231953,2.7457943999279157
8.59750285126956,2.285153835874551,4.610330700293302,1.211872509575098,779.6983139339735,3.484578594104327,37.78860887279811,-120.71798249462383,3.666469362814801
4.753066040782809,19.096424632701297,4.739813554878649,1.0,3047.1534997647004,2.020744975359809,34.854817937077534,-119.32223735013966,1.8694279383373829
5.391536038860712,40.790845075317314,8.304720879166299,2.9016537008825245,2282.848575670151,2.0414682750591084,34.812733523273074,-117.18271562944865,2.9010567502844045
3.543131212699729,29.75853897382552,3.670512541349137,1.0,4350.920367756158,3.3025234180980254,41.911888024852246,-114.88225452975857,1.1662359170604049
5.267080186713082,14.319284058053872,8.382978797075268,1.8412888333930557,407.2294462611913,3.9409423185098436,39.689408166296104,-115.74563084395001,2.5575747843358365
3.647655508228311,36.44260908649543,5.388130719964061,1.5735603082613856,778.0637263607356,1.4191438082093926,40.45092390376497,-119.494028708964,1.6206507449477232
6.5074204529822,29.936938151959744,4.64518986799555,1.034854847403675,2342.51799362571,3.7017595254945985,37.93383551076812,-120.12216842553622,3.608008934863903
3.590292941137571,41.60842408227575,13.468588535837732,4.264894030759355,1716.5613284052135,2.417464829267131,40.77463573024062,-121.60220261155952,2.3808192305570275
5.61959859142469,38.48628449568099,3.247041272748949,1.0,5076.515513027671,2.7811863049441,38.63216012208035,-120.27573248824032,2.283568224791946
4.403687736328447,32.11550402384797,4.299615913091658,1.2637073477787581,1669.9295283107047,1.7580281832706446,41.488650195565285,-122.88953612708102,1.6706354895154398
8.807733571215675,25.897061440851516,3.0253521693741985,1.0,6961.213587200383,2.1368934253138008,35.17271656743355,-114.28894491635245,4.269679815245418
4.345599682357176,7.792288409043694,7.2498790662807915,2.3143342141290297,1881.8635252779752,4.42137233181982,38.155535684937504,-118.26082556040421,2.3859472494960343
1.5467879942874954,14.327983912154572,9.73449315688101,2.892542315069308,3172.158175196856,3.043917537916985,39.056247805400474,-122.72194157204787,1.0087511141341414
9.55584396101392,22.37407311877135,9.659762988407195,1.8579912283834197,793.5250061571546,2.5776770865376206,36.232904397764166,-120.47193990734094,4.42631953098966
2.6027292850807147,31.564263637325823,8.081516182336447,1.447053675116,1112.4134484679896,2.867397026844821,40.85722583283851,-118.52960856379345,1.0989317637032752
3.0275090836204748,27.199100615980544,4.576579169736381,1.0,2726.9646064800163,3.653496776213616,41.80813004948946,-118.6711436335913,0.9716081724170803
3.134918646203671,15.697410823936004,4.2797885706987335,1.4774434332637219,5502.612016591556,3.5829905414031282,37.19081016804029,-123.64496631281368,1.6337602864843541
10.22323280211128,1.329682247275238,2.538395252474329,1.0,2273.866463271628,2.915348013585697,36.21108622064122,-114.49158965770889,5.0
1.244327808939179,26.30820031694151,11.18249281801765,2.6975017703322797,1009.1142330470865,4.651471607945538,36.98341032128636,-121.24624318525055,0.8813712872725309
15.0,15.566925416674398,5.975042622466853,1.0,4347.407761374831,4.4290497371591595,40.60099908445335,-123.8381533106811,5.0
8.445502789560669,38.46502333623729,4.068267519930394,1.0,122.48901392523621,3.54432882370836,38.631950042422595,-123.23555991049717,3.9767753610635515
5.124040809968486,2.221259528794658,8.425162430143114,2.226467150444619,264.47996414191306,3.070513198194058,32.9253375389219,-118.19805096752023,2.633325200666944
4.336482777571781,30.826218376595335,3.3564846571356703,1.1433023262146236,2168.1601367978606,3.907619785210342,37.65061414923429,-122.62214479324903,1.6855654266976088
5.319250685879586,49.01518611280934,5.827853866807543,1.4764705115456898,1112.2145048505058,3.4065735726403847,32.66435116603921,-123.58275207146497,2.8175169983527693
6.126805307154958,9.894872622686474,4.622558530486465,1.450658091174296,2009.243678972408,4.592020065729723,39.89608602453235,-120.20373533587289,2.703493439477074
6.60039404851125,25.054124028280363,6.394708528434359,1.6589506396806606,1169.5888110007666,4.305204117010126,35.61896659865341,-117.77238807659812,3.018707112456188
6.254884506764637,5.662521582674047,4.828667667265622,1.0,1940.9749834562829,1.9991027190844084,36.98407108011463,-122.88160195158387,2.5336563384915607
4.7291638394753805,32.909777525328984,2.7721656658458405,1.0,485.7029286123161,1.9456862287890822,40.0874420061225,-120.86672167848684,2.3424577212609794
3.981254409146314,29.077115710407504,5.105051547749577,1.3533997133143725,1940.0830997830312,2.269365284944215,32.94126376421473,-119.82239328375458,1.6840677753149949
4.092827411233049,21.77564173485445,7.53490072455515,2.5627613412137085,2964.354343049302,4.4391169699673325,34.0061445881203,-122.40539902213233,2.030502596814277
3.98706364654064,27.590228095160803,4.895485420470845,1.5754948431598335,3716.5481652820167,1.5991566576096028,36.28062357622859,-118.9392610153329,1.756463080075228
8.84862480889428,46.72530758191952,6.753399776216772,1.3214453171711702,8213.66323398958,3.518036268402261,34.684289053682825,-123.1478591309823,4.113002020178509
6.398950761235872,11.011009417864418,3.260198899814158,1.0,1399.8193107198751,3.472994660875239,35.7100635448631,-123.53481503654932,2.8275895810122487
0.7677944838504491,2.1507900969727087,4.901276506363267,1.0,1442.1799281257877,4.7829581909098575,41.98266000997842,-118.80164632844865,0.15
6.642845865818637,44.94490911965415,3.858180957873565,1.2905606787557742,239.08700798461135,3.2288804791284043,40.3414371569512,-121.52103027249125,2.832363783034956
5.037156401619392,30.432971201783232,6.6778250021003345,2.1404648214405264,644.5733331145764,1.7554342176269624,40.89706724212103,-123.04626192101972,1.8611042225044439
4.43166227978677,46.423581228553964,5.015818532298709,1.5297077158179206,904.0800668490265,2.0467599195289994,41.40201901887487,-119.76087412512368,2.755201636762766
3.549791708651514,31.444206394071802,6.5275355680755895,1.4918488205975133,3134.7965426236037,1.872363976863004,35.73889086298486,-114.84859260482605,1.497377885561844
8.797500367542009,42.31821558794483,7.652896246191745,1.919929076644678,595.2603518109696,2.422554140291872,35.32223109906649,-116.75807553345845,4.398037430397372
7.913070431130448,22.913341531112543,6.531570567386971,1.5862986966695372,2431.685749148578,2.7922266864618073,34.723593679434714,-115.84384084652973,3.236986285428489
2.8186932733313093,39.24285649570171,5.524801801437946,1.1087151344406896,1094.8561711075222,1.8848031571113388,40.38611065742717,-115.28086011241363,0.7819805979148601
5.721502079760414,47.56511481138266,3.322491976139544,1.0,918.5826505597103,5.410084956074712,38.955742691709254,-114.27372258603582,2.7530585610991642
2.5017887080929526,30.17827114983252,4.947515620462909,1.0,1406.5483017318693,1.7680680463317564,34.74363383358733,-116.36753426485826,1.3624558604256902
1.9585983720556115,10.220042678681356,4.001878353183421,1.0,741.6249281872313,5.147140766581302,36.081441377499324,-117.9159207806052,1.3948103545538633
3.0770448288506724,14.708678366540106,4.316195821027329,1.412768235144242,714.0569720242298,4.8262280115558,37.31376175736158,-120.34574119697753,1.6788429080921634
7.519022053513224,11.130873421767694,4.263908976665772,1.28060516774453,199.3803075668813,4.303036859738279,37.51733054410066,-122.18356763442284,3.5092158846906734
7.939696316422551,13.589708407382378,3.346884021289901,1.0,855.8077781357294,2.2761680677229483,40.942913421241286,-117.13340126016706,3.133845512050609
6.097331717117528,16.627187916902855,2.2638447039947813,1.0,678.6000010186762,3.445194466110186,36.115378262998554,-114.05050013878058,3.2796876351006015
6.924442006226979,29.311823124412612,3.791428195395255,1.0,654.5964969723548,1.8022782275601406,41.130978289754864,-119.3264131538108,3.2862927759063627
6.108657163995924,30.98757310265547,5.351365600517129,1.5955416198134236,1663.8226956184253,4.32478666870974,36.692991823038,-116.76320631907193,2.64184587335348
3.0499068307761332,22.751487109334917,2.888476446082232,1.0,2118.8567488349,2.9165636392315952,39.59054041052736,-119.04907550006844,1.391953279692397
5.807519403714215,32.38645977086261,4.9841999277176665,1.5085031871253602,1383.2547346848812,2.550455355889052,41.337416039858034,-119.68066576636524,2.5571980541232153
7.244522855404612,5.160321206179662,10.592088661022007,3.1196067905414067,2967.3221451480804,1.841355640224806,41.12196918765103,-119.89694386440085,3.2511330712765667
7.04680834917547,5.477200089966159,7.457517783877675,1.4236466161179848,1949.9556853350593,1.1151596210389016,33.04105223930897,-118.95375317068303,3.4193369595110723
9.146287167405209,9.76330247824058,9.558364200117486,2.0798426600749513,816.4321498597914,1.9829460782991932,34.45419080227742,-120.33104338134625,4.673343759370127
6.855027387879813,27.42195240005758,5.79184648906896,1.413031499963399,690.312031050986,4.688530833400971,37.03060154255661,-116.51226678178192,3.3174070091260806
5.533767815719527,11.913728613613992,7.901115319523484,1.7078940123605326,1499.4028933918005,2.557081652197395,36.59976575455452,-115.25727973408483,2.7588052204238567
8.517221247542526,15.447504578121444,3.707708785521323,1.115976000362251,1946.4590126917712,2.807427144982597,38.588470815953464,-115.17114693354816,4.393841880958121
4.41093746714201,21.415954644822698,3.8276992060491173,1.0,4437.4905625472675,3.9048592664287054,41.474735982841416,-121.72301286574174,2.016517611547025
2.640254223397238,42.405172324529374,1.6558987578746207,1.0,3608.953228736051,6.185869334400756,33.56784475714051,-115.04090861268509,1.0662909545154664
4.06396794068358,1.706968931555866,7.960232353885761,1.829325796463686,638.1204084352398,5.1038842218493174,36.792657318775284,-120.58448768144895,1.648289004091282
2.866404374437944,34.11831983206774,9.171763612469254,3.1732732494557645,990.2859302596789,2.036160646300162,34.32790485992783,-120.90692334514702,1.7174933610015914
